{"stats":{"minecraft:used":{"regions_unexplored:silt_dirt":15,"minecraft:stone_sword":145,"minecraft:poppy":1,"minecraft:shield":8,"minecraft:iron_sword":8,"minecraft:wooden_shovel":59,"minecraft:cooked_chicken":13,"minecraft:rotten_flesh":4,"minecraft:torch":58,"minecraft:dirt":45,"regions_unexplored:silver_birch_sapling":1,"epicfight:iron_greatsword":10,"minecraft:iron_axe":378,"minecraft:oak_stairs":2,"minecraft:iron_helmet":1,"regions_unexplored:silver_birch_leaf_pile":2,"minecraft:stone_bricks":3,"minecraft:item_frame":8,"minecraft:hay_block":1,"minecraft:furnace":10,"minecraft:egg":1,"minecraft:potato":1,"minecraft:cooked_beef":3,"minecraft:wheat_seeds":30,"minecraft:cooked_mutton":10,"minecraft:water_bucket":4,"regions_unexplored:silver_birch_log":2,"minecraft:leather_leggings":1,"minecraft:stone_pickaxe":381,"minecraft:wooden_pickaxe":18,"minecraft:leather_chestplate":1,"minecraft:golden_apple":1,"minecraft:mossy_cobblestone":4,"regions_unexplored:orange_coneflower":4,"minecraft:sand":13,"minecraft:crafting_table":13,"regions_unexplored:maple_shrub":1,"minecraft:cake":1,"minecraft:oak_log":1,"minecraft:black_wool":1,"minecraft:apple":9,"minecraft:chicken":1,"minecraft:iron_pickaxe":119,"minecraft:bread":8,"travelersbackpack:white_sleeping_bag":2,"minecraft:spruce_sapling":1,"minecraft:stone_axe":133,"minecraft:potion":1,"minecraft:cobblestone":186,"travelersbackpack:standard":17,"minecraft:white_banner":1,"minecraft:cooked_porkchop":15,"minecraft:andesite":2,"minecraft:bucket":4,"regions_unexplored:maple_log":10,"minecraft:gray_wool":1},"minecraft:broken":{"minecraft:wooden_shovel":1,"minecraft:stone_pickaxe":2,"minecraft:iron_axe":2,"minecraft:stone_axe":1,"minecraft:iron_pickaxe":1},"minecraft:custom":{"minecraft:mob_kills":51,"minecraft:interact_with_crafting_table":36,"minecraft:leave_game":4,"minecraft:time_since_death":57033,"minecraft:climb_one_cm":7247,"minecraft:sprint_one_cm":1386653,"minecraft:walk_one_cm":1396077,"minecraft:damage_blocked_by_shield":570,"minecraft:drop":52,"minecraft:talked_to_villager":25,"minecraft:play_time":246264,"minecraft:deaths":6,"minecraft:sneak_time":778,"minecraft:walk_under_water_one_cm":13508,"minecraft:jump":2802,"minecraft:walk_on_water_one_cm":56074,"minecraft:total_world_time":246264,"minecraft:interact_with_furnace":62,"minecraft:sleep_in_bed":7,"minecraft:time_since_rest":23328,"minecraft:damage_taken":3751,"minecraft:damage_dealt":6578,"minecraft:swim_one_cm":16382,"minecraft:fly_one_cm":899961,"minecraft:open_chest":79,"minecraft:crouch_one_cm":229,"minecraft:interact_with_smoker":2,"minecraft:fall_one_cm":50731},"minecraft:killed":{"alexsmobs:raccoon":1,"minecraft:spider":1,"minecraft:skeleton":4,"minecraft:chicken":13,"minecraft:pig":7,"minecraft:sheep":15,"minecraft:zombie":10,"minecraft:cow":1},"minecraft:crafted":{"minecraft:leather_leggings":1,"minecraft:cooked_chicken":12,"minecraft:furnace":4,"minecraft:cooked_mutton":21,"minecraft:glass":26,"travelersbackpack:white_sleeping_bag":2,"minecraft:iron_boots":1,"minecraft:iron_axe":1,"minecraft:stone_pickaxe":4,"epicfight:iron_greatsword":1,"minecraft:cooked_beef":2,"minecraft:wooden_shovel":1,"minecraft:cooked_porkchop":15,"minecraft:crafting_table":3,"minecraft:spruce_planks":94,"travelersbackpack:backpack_tank":4,"minecraft:iron_helmet":1,"minecraft:wooden_pickaxe":1,"travelersbackpack:standard":1,"minecraft:stone_axe":1,"minecraft:bread":4,"minecraft:air":0,"aether:iron_gloves":1,"minecraft:iron_chestplate":1,"minecraft:golden_apple":2,"minecraft:shield":1,"minecraft:stick":44,"minecraft:iron_ingot":20,"minecraft:leather_chestplate":1,"minecraft:iron_pickaxe":1,"minecraft:stone_sword":1,"minecraft:iron_leggings":1,"minecraft:torch":84},"minecraft:killed_by":{"minecraft:player":1,"orcz:orcsavage_2sword":1,"minecraft:enderman":1,"orcz:goblinsavagemace":1,"alexsmobs:grizzly_bear":1},"minecraft:mined":{"regions_unexplored:maple_log":10,"gravestone:gravestone":3,"regions_unexplored:hanging_prismarite":1,"minecraft:grass_block":22,"regions_unexplored:silver_birch_shrub":1,"travelersbackpack:white_sleeping_bag":2,"minecraft:spruce_leaves":58,"minecraft:hay_block":1,"regions_unexplored:stone_bud":2,"minecraft:furnace":10,"minecraft:iron_ore":16,"regions_unexplored:mossy_stone":4,"minecraft:andesite":2,"regions_unexplored:silver_birch_leaves":7,"minecraft:potatoes":1,"regions_unexplored:red_maple_leaves":5,"regions_unexplored:medium_grass":8,"lucky:lucky_block":7,"minecraft:stone":285,"regions_unexplored:silt_grass_block":6,"minecraft:white_wool":4,"minecraft:cake":1,"orcz:scrapblock":3,"regions_unexplored:orange_coneflower":2,"travelersbackpack:standard":3,"minecraft:crafting_table":12,"minecraft:torch":1,"regions_unexplored:salmon_poppy_bush":1,"regions_unexplored:silt_dirt":9,"minecraft:chest":2,"minecraft:tall_grass":2,"minecraft:cobblestone":9,"minecraft:lapis_ore":9,"minecraft:wheat":30,"minecraft:spruce_log":405,"minecraft:birch_leaves":1,"minecraft:grass":19,"minecraft:coal_ore":164,"regions_unexplored:silver_birch_log":67,"minecraft:sand":60,"minecraft:dirt":23,"minecraft:stone_bricks":3,"regions_unexplored:maple_shrub":1,"minecraft:oak_leaves":5},"minecraft:dropped":{"minecraft:wheat_seeds":4,"minecraft:glass_bottle":1,"minecraft:feather":7,"minecraft:cobblestone":10,"irons_spellbooks:scroll":1,"minecraft:dirt":1,"gravestone:obituary":4,"travelersbackpack:backpack_tank":2,"minecraft:bone":4,"minecraft:stone_sword":1,"minecraft:rotten_flesh":7,"travelersbackpack:white_sleeping_bag":2,"minecraft:spruce_planks":37,"minecraft:spider_eye":4,"minecraft:arrow":3,"minecraft:bow":1,"minecraft:glass":27,"minecraft:egg":1},"minecraft:picked_up":{"minecraft:crafting_table":12,"minecraft:wheat":30,"minecraft:chicken":13,"regions_unexplored:silt_dirt":15,"minecraft:oak_stairs":2,"gravestone:obituary":1,"minecraft:item_frame":6,"regions_unexplored:maple_shrub":1,"minecraft:beef":2,"minecraft:ender_eye":5,"minecraft:poppy":1,"minecraft:chest":2,"minecraft:furnace":10,"minecraft:egg":2,"minecraft:stick":16,"minecraft:raw_iron":16,"regions_unexplored:silver_birch_leaf_pile":2,"minecraft:torch":1,"epicfight:skillbook":1,"minecraft:porkchop":15,"minecraft:cake":1,"minecraft:stone_sword":1,"minecraft:arrow":3,"minecraft:rotten_flesh":13,"minecraft:hay_block":1,"minecraft:gold_ingot":17,"minecraft:mutton":21,"minecraft:white_wool":15,"minecraft:cobblestone":290,"minecraft:feather":15,"minecraft:cooked_beef":1,"regions_unexplored:hanging_prismarite":1,"minecraft:andesite":2,"minecraft:potato":1,"minecraft:oak_log":1,"minecraft:lapis_lazuli":64,"minecraft:dirt":46,"lucky:lucky_bow":1,"minecraft:white_banner":1,"minecraft:glass":25,"minecraft:bone":4,"minecraft:apple":2,"minecraft:stone_bricks":3,"minecraft:bow":1,"minecraft:wheat_seeds":74,"minecraft:iron_ingot":3,"minecraft:cooked_chicken":1,"minecraft:iron_sword":1,"regions_unexplored:orange_coneflower":4,"regions_unexplored:silver_birch_sapling":1,"minecraft:sand":77,"minecraft:spruce_sapling":13,"minecraft:white_bed":1,"minecraft:spruce_log":403,"minecraft:spider_eye":4,"minecraft:mossy_cobblestone":4,"travelersbackpack:white_sleeping_bag":3,"travelersbackpack:standard":4,"regions_unexplored:silver_birch_log":66,"regions_unexplored:maple_log":10,"minecraft:gray_wool":1,"minecraft:emerald":2,"orcz:ironscrap":9,"alexsmobs:maggot":1,"minecraft:black_wool":1,"minecraft:coal":165,"minecraft:ender_pearl":13}},"DataVersion":3120}