{"stats":{"minecraft:used":{"minecraft:dirt":1},"minecraft:custom":{"minecraft:jump":177,"minecraft:time_since_rest":5268,"minecraft:damage_taken":135,"minecraft:sprint_one_cm":35218,"minecraft:play_time":5268,"minecraft:walk_on_water_one_cm":4555,"minecraft:time_since_death":5268,"minecraft:walk_one_cm":29930,"minecraft:total_world_time":5268,"minecraft:walk_under_water_one_cm":560,"minecraft:fall_one_cm":3402,"minecraft:fly_one_cm":88146},"minecraft:mined":{"minecraft:grass_block":1,"minecraft:dirt":1,"minecraft:sand":1},"minecraft:picked_up":{"minecraft:sand":1,"minecraft:dirt":2}},"DataVersion":3120}