{"stats":{"minecraft:picked_up":{"minecraft:crafting_table":7,"minecraft:yellow_wool":1,"minecraft:wooden_pickaxe":3,"minecraft:pink_wool":1,"minecraft:oak_stairs":1,"regions_unexplored:maple_planks":3,"gravestone:obituary":3,"regions_unexplored:prismarite_cluster":1,"minecraft:magenta_wool":2,"minecraft:oak_sign":1,"regions_unexplored:peat_podzol":6,"minecraft:poppy":2,"minecraft:chest":1,"minecraft:furnace":7,"minecraft:lime_wool":1,"minecraft:raw_iron":37,"minecraft:oak_fence":1,"minecraft:torch":8,"minecraft:porkchop":18,"minecraft:diorite":13,"minecraft:arrow":2,"slashblade:proudsoul":1,"minecraft:rotten_flesh":6,"minecraft:mutton":21,"minecraft:cobblestone":211,"minecraft:birch_log":4,"regions_unexplored:peat_dirt":5,"minecraft:andesite":22,"gobber2:gobber2_gooey_beefstew":1,"minecraft:brown_wool":1,"minecraft:birch_planks":16,"minecraft:oak_log":4,"minecraft:dirt":18,"minecraft:cooked_mutton":2,"minecraft:bone":4,"gobber2:gobber2_gooey_beef":3,"minecraft:wheat_seeds":2,"minecraft:stone_pickaxe":3,"slashblade:slashblade":2,"minecraft:oak_planks":3,"gobber2:gobber2_gooey_bread":4,"slashblade:proudsoul_tiny":2,"minecraft:cooked_porkchop":1,"minecraft:red_wool":1,"minecraft:white_bed":1,"minecraft:spruce_log":3,"minecraft:spider_eye":4,"minecraft:orange_wool":1,"regions_unexplored:silver_birch_log":3,"minecraft:granite":10,"minecraft:bone_meal":2,"regions_unexplored:maple_log":6,"regions_unexplored:willow_log":1,"minecraft:nether_star":2,"minecraft:coal":324,"gobber2:gobber2_goo":4},"minecraft:killed":{"minecraft:spider":1,"minecraft:skeleton":4,"minecraft:pig":8,"minecraft:zombie_villager":1,"minecraft:sheep":8,"minecraft:zombie":9},"minecraft:custom":{"minecraft:mob_kills":32,"minecraft:interact_with_crafting_table":23,"minecraft:leave_game":15,"minecraft:time_since_death":50648,"minecraft:sprint_one_cm":346216,"minecraft:walk_one_cm":252280,"minecraft:drop":70,"minecraft:damage_dealt_absorbed":63,"minecraft:play_time":88090,"minecraft:deaths":1,"minecraft:sneak_time":9151,"minecraft:walk_under_water_one_cm":3207,"minecraft:jump":1585,"minecraft:walk_on_water_one_cm":20076,"minecraft:total_world_time":88090,"minecraft:interact_with_furnace":67,"minecraft:sleep_in_bed":3,"minecraft:time_since_rest":1202,"minecraft:waystone_activated":1,"minecraft:damage_taken":2223,"minecraft:damage_dealt":4846,"minecraft:swim_one_cm":30907,"minecraft:fly_one_cm":608520,"minecraft:open_chest":29,"minecraft:crouch_one_cm":32683,"minecraft:fall_one_cm":42198},"minecraft:dropped":{"minecraft:birch_planks":16,"minecraft:wheat_seeds":2,"regions_unexplored:peat_podzol":4,"minecraft:nether_star":1,"minecraft:golden_axe":1,"minecraft:red_wool":1,"bossominium:the_bossdexium":1,"minecraft:flint":3,"minecraft:dirt":6,"minecraft:brown_wool":1,"gravestone:obituary":3,"minecraft:bone_meal":4,"regions_unexplored:prismarite_cluster":1,"slashblade:proudsoul":1,"minecraft:stone_sword":1,"alexsmobs:animal_dictionary":1,"minecraft:yellow_wool":1,"minecraft:lime_wool":1,"minecraft:rotten_flesh":5,"minecraft:oak_planks":3,"minecraft:orange_wool":1,"minecraft:poppy":2,"slashblade:slashblade":1,"minecraft:golden_sword":1,"minecraft:spider_eye":4,"minecraft:arrow":2,"minecraft:wooden_pickaxe":4,"minecraft:stone_pickaxe":3,"slashblade:proudsoul_tiny":3},"minecraft:killed_by":{"minecraft:zombie":1},"minecraft:mined":{"minecraft:white_bed":1,"regions_unexplored:maple_planks":3,"regions_unexplored:maple_log":7,"gravestone:gravestone":1,"minecraft:granite":10,"minecraft:grass_block":7,"gobber2:gobber2_lucky_block":3,"minecraft:spruce_leaves":2,"regions_unexplored:stone_bud":2,"minecraft:furnace":7,"minecraft:iron_ore":30,"minecraft:andesite":15,"minecraft:deepslate_iron_ore":7,"minecraft:oak_stairs":1,"lucky:lucky_block":3,"minecraft:stone":205,"regions_unexplored:willow_log":1,"minecraft:oak_fence":1,"minecraft:crafting_table":8,"minecraft:torch":2,"minecraft:chest":1,"minecraft:cobblestone":3,"minecraft:diorite":14,"minecraft:wall_torch":5,"regions_unexplored:prismarite_cluster":1,"minecraft:birch_log":4,"minecraft:spruce_log":3,"gobber2:gobber2_lucky_block_deepslate":9,"minecraft:grass":5,"minecraft:oak_log":4,"minecraft:coal_ore":110,"regions_unexplored:silver_birch_log":3,"regions_unexplored:peat_dirt":5,"minecraft:dirt":6,"regions_unexplored:peat_podzol":2,"minecraft:deepslate":2},"minecraft:crafted":{"minecraft:oak_planks":12,"regions_unexplored:maple_planks":24,"minecraft:furnace":3,"minecraft:bone_meal":6,"minecraft:iron_boots":1,"minecraft:stone_pickaxe":4,"minecraft:chest":1,"regions_unexplored:willow_planks":4,"minecraft:cooked_porkchop":15,"minecraft:crafting_table":4,"minecraft:spruce_planks":12,"minecraft:wooden_pickaxe":2,"minecraft:iron_helmet":1,"minecraft:iron_sword":1,"minecraft:birch_planks":28,"minecraft:stone_axe":1,"minecraft:air":0,"minecraft:iron_chestplate":1,"minecraft:white_dye":4,"minecraft:stick":24,"minecraft:iron_ingot":37,"minecraft:iron_pickaxe":1,"minecraft:stone_sword":1,"minecraft:iron_leggings":1,"minecraft:torch":32},"minecraft:used":{"minecraft:stone_sword":28,"minecraft:oak_sign":1,"minecraft:chest":2,"gobber2:gobber2_gooey_bread":4,"minecraft:iron_sword":47,"minecraft:iron_chestplate":1,"regions_unexplored:maple_planks":23,"minecraft:torch":29,"minecraft:dirt":7,"minecraft:granite":10,"regions_unexplored:willow_planks":4,"minecraft:oak_stairs":1,"slashblade:slashblade":84,"minecraft:iron_helmet":1,"minecraft:iron_boots":1,"minecraft:pink_wool":1,"gobber2:gobber2_gooey_beef":1,"minecraft:furnace":10,"minecraft:iron_leggings":1,"minecraft:cooked_mutton":1,"minecraft:birch_planks":4,"minecraft:stone_pickaxe":297,"minecraft:wooden_pickaxe":21,"minecraft:crafting_table":10,"minecraft:white_bed":1,"minecraft:oak_log":1,"minecraft:bread":7,"minecraft:iron_pickaxe":104,"minecraft:stone_axe":36,"minecraft:cobblestone":42,"minecraft:cooked_porkchop":16,"minecraft:andesite":6}},"DataVersion":3120}