{"stats":{"minecraft:crafted":{"bossominium:forest_mace":1,"minecraft:chainmail_helmet":5,"minecraft:smooth_stone":16,"travelersbackpack:crafting_upgrade":1,"regions_unexplored:maple_planks":284,"minecraft:bookshelf":21,"regions_unexplored:blackwood_trapdoor":104,"regions_unexplored:blackwood_slab":36,"minecraft:wooden_shovel":1,"minecraft:emerald":496,"minecraft:cooked_porkchop":5,"travelersbackpack:standard":1,"minecraft:smithing_table":1,"regions_unexplored:magnolia_stairs":40,"minecraft:fletching_table":9,"regions_unexplored:spruce_branch":2,"minecraft:iron_pickaxe":3,"minecraft:iron_block":30,"minecraft:gold_ingot":36,"regions_unexplored:blackwood_planks":1156,"minecraft:stone_shovel":1,"minecraft:iron_nugget":230,"minecraft:bone_meal":441,"minecraft:spruce_fence":66,"travelersbackpack:blank_upgrade":4,"travelersbackpack:gold_tier_upgrade":1,"minecraft:lantern":32,"minecraft:diamond":18,"minecraft:spruce_stairs":212,"travelersbackpack:white_sleeping_bag":2,"minecraft:spruce_slab":228,"minecraft:stone_pickaxe":1,"regions_unexplored:blackwood_fence":159,"minecraft:spruce_boat":1,"orcz:pallisade":120,"minecraft:dark_oak_planks":516,"regions_unexplored:magnolia_planks":160,"minecraft:coal_block":8,"minecraft:enchanting_table":1,"alexsmobs:bison_carpet":3,"minecraft:chainmail_boots":12,"minecraft:oak_stairs":20,"minecraft:iron_shovel":3,"minecraft:iron_leggings":1,"minecraft:white_bed":14,"bossominium:charcoal_bone_meal":35,"minecraft:oak_planks":116,"regions_unexplored:larch_planks":256,"minecraft:stone":16,"regions_unexplored:maple_stairs":60,"minecraft:iron_boots":1,"regions_unexplored:brimwood_planks":208,"minecraft:chest":30,"regions_unexplored:willow_planks":200,"regions_unexplored:willow_fence":30,"travelersbackpack:iron_tier_upgrade":1,"minecraft:crafting_table":9,"minecraft:spruce_planks":8428,"minecraft:iron_helmet":1,"minecraft:wooden_pickaxe":2,"minecraft:baked_potato":128,"minecraft:chainmail_chestplate":8,"minecraft:birch_planks":44,"minecraft:dark_oak_slab":180,"minecraft:iron_chestplate":1,"minecraft:shield":4,"minecraft:stick":15313,"minecraft:iron_ingot":527,"minecraft:stone_sword":1,"minecraft:black_bed":3,"minecraft:shears":2,"minecraft:raw_iron":9,"minecraft:coal":225,"minecraft:furnace":11,"minecraft:blast_furnace":2,"minecraft:iron_axe":5,"minecraft:spruce_wood":63,"minecraft:dark_oak_stairs":40,"travelersbackpack:backpack_tank":4,"regions_unexplored:willow_stairs":24,"minecraft:bucket":9,"minecraft:stone_axe":1,"minecraft:bread":65,"minecraft:air":0,"aether:iron_gloves":1,"minecraft:raw_gold":9,"alexsmobs:bison_fur_block":2,"orcz:palisadedarkoak":48,"minecraft:torch":320},"minecraft:custom":{"minecraft:interact_with_crafting_table":95,"minecraft:open_barrel":6,"minecraft:leave_game":5,"minecraft:time_since_death":43874,"minecraft:damage_blocked_by_shield":4381,"minecraft:play_time":834453,"minecraft:deaths":12,"minecraft:jump":15999,"minecraft:interact_with_furnace":52,"minecraft:traded_with_villager":524,"minecraft:sleep_in_bed":42,"minecraft:waystone_activated":2,"minecraft:damage_dealt":61271,"minecraft:interact_with_smoker":7,"minecraft:horse_one_cm":199430,"minecraft:interact_with_smithing_table":3,"minecraft:interact_with_anvil":2,"minecraft:sneak_time":12762,"minecraft:interact_with_lectern":3,"minecraft:interact_with_blast_furnace":6,"minecraft:total_world_time":834453,"minecraft:time_since_rest":507,"minecraft:swim_one_cm":174435,"minecraft:fly_one_cm":6947297,"minecraft:open_chest":762,"minecraft:fall_one_cm":482854,"minecraft:animals_bred":2,"minecraft:sprint_one_cm":3513742,"minecraft:drop":287,"minecraft:talked_to_villager":97,"minecraft:walk_on_water_one_cm":165719,"minecraft:interact_with_beacon":1,"minecraft:player_kills":2,"minecraft:crouch_one_cm":60593,"minecraft:mob_kills":221,"minecraft:damage_dealt_resisted":146,"minecraft:climb_one_cm":22645,"minecraft:walk_one_cm":4944214,"minecraft:walk_under_water_one_cm":45710,"minecraft:boat_one_cm":170311,"minecraft:damage_taken":14670},"minecraft:used":{"minecraft:moss_block":6,"minecraft:spruce_slab":79,"minecraft:poppy":1,"minecraft:chest":38,"minecraft:spruce_boat":14,"alexsmobs:bison_carpet":3,"minecraft:dark_oak_slab":168,"gobber2:gobber2_tree_axe":133,"minecraft:bow":14,"minecraft:furnace":14,"minecraft:oak_sapling":1,"minecraft:egg":2,"regions_unexplored:maple_leaves":13,"minecraft:potato":535,"regions_unexplored:spruce_branch":1,"minecraft:wooden_pickaxe":38,"minecraft:composter":1,"minecraft:glow_berries":4,"orcz:bone_1":4,"minecraft:blast_furnace":25,"regions_unexplored:blackwood_fence":99,"regions_unexplored:dusktrap":1,"minecraft:birch_slab":1,"minecraft:spore_blossom":1,"regions_unexplored:blackwood_planks":100,"minecraft:diamond_sword":697,"minecraft:smithing_table":6,"minecraft:dark_oak_fence":6,"minecraft:enchanting_table":1,"minecraft:stone_sword":1,"minecraft:torch":211,"minecraft:anvil":1,"orcz:palisadedarkoak":44,"regions_unexplored:clover":5,"regions_unexplored:magnolia_log":88,"regions_unexplored:blue_magnolia_shrub":1,"minecraft:iron_block":9,"minecraft:iron_axe":1461,"bossominium:guardian_sapling":1,"minecraft:cobbled_deepslate":2,"minecraft:wheat_seeds":630,"minecraft:water_bucket":43,"minecraft:birch_planks":3,"regions_unexplored:willow_fence":33,"minecraft:fletching_table":34,"minecraft:crafting_table":10,"minecraft:red_bed":2,"minecraft:white_bed":27,"minecraft:spruce_log":144,"minecraft:oak_log":5,"minecraft:cornflower":1,"minecraft:oxeye_daisy":1,"minecraft:iron_pickaxe":725,"minecraft:spruce_sapling":182,"orcz:pallisade":91,"minecraft:cobblestone":24,"travelersbackpack:standard":30,"minecraft:cooked_porkchop":7,"regions_unexplored:magnolia_stairs":13,"minecraft:iron_shovel":903,"minecraft:shield":47,"regions_unexplored:willow_planks":38,"minecraft:spruce_wood":32,"minecraft:lantern":29,"regions_unexplored:maple_sapling":2,"regions_unexplored:willow_sapling":12,"minecraft:scaffolding":1,"minecraft:dark_oak_sapling":8,"minecraft:dark_oak_stairs":28,"epicfight:skillbook":9,"minecraft:stone_pickaxe":75,"minecraft:oak_planks":42,"minecraft:ender_pearl":1,"minecraft:black_bed":3,"minecraft:shears":32,"regions_unexplored:blackwood_sapling":15,"orcz:big_bone_1":2,"regions_unexplored:willow_log":7,"regions_unexplored:maple_stairs":63,"minecraft:andesite":1,"regions_unexplored:larch_sapling":1,"minecraft:bone_meal":350,"minecraft:flint_and_steel":10,"minecraft:stone_shovel":46,"minecraft:spruce_planks":886,"minecraft:wooden_shovel":25,"minecraft:dirt":663,"minecraft:spruce_stairs":222,"minecraft:spruce_fence":39,"minecraft:birch_door":1,"minecraft:iron_hoe":203,"minecraft:dark_oak_planks":346,"alexsmobs:maggot":1,"minecraft:bookshelf":15,"minecraft:oak_stairs":1,"minecraft:light_gray_wool":2,"regions_unexplored:larch_planks":1,"minecraft:stone_pressure_plate":1,"minecraft:cooked_beef":125,"regions_unexplored:blackwood_log":31,"minecraft:cooked_mutton":1,"minecraft:baked_potato":124,"regions_unexplored:peat_dirt":2,"minecraft:beacon":1,"regions_unexplored:blue_magnolia_sapling":6,"regions_unexplored:blackwood_trapdoor":70,"minecraft:smoker":1,"regions_unexplored:blackwood_slab":19,"minecraft:map":1,"minecraft:stone_axe":51,"minecraft:bucket":62,"minecraft:pumpkin_pie":3,"regions_unexplored:maple_log":3},"minecraft:killed_by":{"minecraft:piglin_brute":2,"minecraft:creeper":5,"minecraft:iron_golem":4},"minecraft:dropped":{"minecraft:piston":4,"minecraft:porkchop":1,"minecraft:lapis_lazuli":25,"minecraft:oak_pressure_plate":2,"minecraft:cooked_beef":34,"minecraft:crossbow":1,"regions_unexplored:pine_shrub":1,"minecraft:saddle":1,"minecraft:leather_helmet":2,"regions_unexplored:maple_planks":64,"minecraft:light_weighted_pressure_plate":1,"minecraft:dirt":720,"minecraft:red_bed":1,"minecraft:grass":2,"minecraft:stone_button":2,"minecraft:jack_o_lantern":14,"irons_spellbooks:arcane_essence":19,"minecraft:gold_nugget":2,"minecraft:sand":4,"minecraft:iron_pickaxe":1,"minecraft:white_wool":7,"minecraft:gray_dye":2,"minecraft:bone":18,"minecraft:oak_door":1,"minecraft:stone_axe":1,"minecraft:sugar_cane":4,"minecraft:iron_nugget":26,"minecraft:obsidian":10,"minecraft:rotten_flesh":16,"minecraft:oak_planks":4,"minecraft:lime_dye":3,"minecraft:azalea_leaves":1,"minecraft:heavy_weighted_pressure_plate":1,"minecraft:ladder":1,"minecraft:glass":3,"minecraft:lectern":3,"slashblade:proudsoul_tiny":1,"minecraft:enchanted_book":2,"minecraft:iron_ingot":24,"morevillagers:hunting_post":5,"minecraft:black_dye":2,"minecraft:wheat_seeds":124,"minecraft:feather":1,"minecraft:cobblestone":73,"minecraft:book":79,"minecraft:apple":13,"minecraft:granite":4,"minecraft:chainmail_helmet":5,"minecraft:coal":3,"regions_unexplored:daisy":2,"minecraft:oxeye_daisy":1,"minecraft:iron_trapdoor":2,"regions_unexplored:dusktrap":1,"minecraft:stripped_birch_log":2,"minecraft:oak_stairs":3,"minecraft:pumpkin":14,"minecraft:red_dye":3,"regions_unexplored:silver_birch_leaf_pile":21,"minecraft:paper":1,"minecraft:string":16,"minecraft:spruce_sapling":3,"minecraft:player_head":1,"minecraft:stone_sword":1,"minecraft:stone_shovel":1,"orcz:orcamanita":1,"minecraft:iron_boots":1,"regions_unexplored:blackstone_cluster":1,"minecraft:diamond_sword":1,"minecraft:potato":722,"minecraft:spruce_trapdoor":3,"minecraft:spruce_planks":64,"minecraft:wooden_shovel":1,"minecraft:stone_pressure_plate":2,"minecraft:spider_eye":2,"minecraft:oak_log":1,"minecraft:baked_potato":60,"regions_unexplored:willow_sapling":2,"minecraft:leather":39,"travelersbackpack:standard":1,"regions_unexplored:red_maple_leaf_pile":4,"minecraft:redstone_lamp":4,"regions_unexplored:brimsprout":2,"minecraft:cornflower":1,"gravestone:obituary":17,"minecraft:pumpkin_pie":9,"regions_unexplored:willow_planks":36,"regions_unexplored:felicia_daisy":1,"minecraft:gravel":1,"minecraft:beetroot":2,"regions_unexplored:maple_sapling":12,"minecraft:cooked_mutton":29,"regions_unexplored:mycotoxic_grass":1,"minecraft:oak_fence_gate":1,"minecraft:leather_chestplate":2,"minecraft:skeleton_skull":1,"minecraft:beetroot_seeds":6,"minecraft:chainmail_boots":12,"minecraft:birch_door":1,"minecraft:chest":1,"morevillagers:woodworking_table":4,"minecraft:iron_bars":1,"minecraft:arrow":1,"minecraft:scaffolding":1,"minecraft:bread":129,"regions_unexplored:magnolia_planks":60,"minecraft:poisonous_potato":33,"minecraft:golden_axe":1,"morevillagers:gardening_table":7,"bossominium:the_bossdexium":1,"minecraft:stick":85,"minecraft:iron_block":27,"minecraft:diorite":1,"minecraft:green_dye":9,"minecraft:repeater":8,"minecraft:iron_door":1,"minecraft:iron_leggings":1,"minecraft:iron_axe":1,"minecraft:tripwire_hook":2,"alexsmobs:maggot":2,"minecraft:oak_trapdoor":2,"minecraft:coarse_dirt":1,"minecraft:composter":2,"minecraft:light_gray_wool":2,"orcz:ironscrap":3,"minecraft:oak_button":2,"minecraft:iron_chestplate":1,"minecraft:andesite":1,"minecraft:quartz_stairs":3,"minecraft:golden_leggings":3,"minecraft:oak_sapling":2,"minecraft:end_portal_frame":5,"minecraft:stone_pickaxe":1,"minecraft:wooden_pickaxe":3,"minecraft:calcite":1},"minecraft:killed":{"minecraft:skeleton":12,"minecraft:skeleton_horse":1,"minecraft:iron_golem":5,"minecraft:zombie":50,"orcz:bigorcboss":1,"orcz:orcsavage_2sword":2,"minecraft:cow":36,"orcz:orcsavagemace":3,"orcz:orcsavageweird":1,"infernalexp:glowsquito":4,"minecraft:ravager":2,"minecraft:witch":1,"minecraft:spider":4,"minecraft:silverfish":8,"minecraft:piglin_brute":12,"minecraft:piglin":5,"minecraft:pig":14,"minecraft:zombie_villager":1,"orcz:goblinsavagemace":2,"irons_spellbooks:necromancer":4,"minecraft:creeper":6,"minecraft:sheep":5,"alexsmobs:fly":3,"orcz:orcshield":2,"bossominium:forest_guardian":6,"alexsmobs:bison":8,"minecraft:bat":1,"minecraft:wither_skeleton":1,"minecraft:villager":1},"minecraft:mined":{"minecraft:dark_oak_planks":10,"minecraft:white_bed":12,"regions_unexplored:brimsprout":2,"regions_unexplored:magnolia_log":139,"regions_unexplored:brimwood_leaves":14,"orcz:palisadedarkoak":4,"regions_unexplored:larch_planks":1,"minecraft:granite":1,"minecraft:coal_block":17,"minecraft:oxeye_daisy":1,"minecraft:spawner":2,"minecraft:tall_seagrass":1,"regions_unexplored:stone_bud":2,"regions_unexplored:magnolia_stairs":13,"minecraft:fire":4,"minecraft:cobbled_deepslate":2,"minecraft:fletching_table":28,"regions_unexplored:maple_stairs":60,"minecraft:dirt_path":2,"minecraft:oak_stairs":5,"minecraft:spruce_wood":6,"minecraft:iron_block":24,"minecraft:player_head":6,"minecraft:red_bed":2,"regions_unexplored:tall_cobalt_earlight":2,"minecraft:smoker":2,"minecraft:torch":1,"minecraft:blast_furnace":23,"regions_unexplored:peat_grass_block":2,"minecraft:glass":3,"minecraft:sugar_cane":1,"regions_unexplored:blackwood_sapling":4,"regions_unexplored:pine_log":6,"minecraft:skeleton_skull":1,"regions_unexplored:blackwood_fence":8,"minecraft:wheat":327,"minecraft:birch_door":1,"minecraft:grass":726,"minecraft:loom":1,"minecraft:red_mushroom_block":80,"minecraft:stonecutter":1,"regions_unexplored:blackwood_trapdoor":11,"regions_unexplored:willow_leaves":30,"minecraft:dark_oak_log":4,"regions_unexplored:dusktrap":2,"minecraft:dark_oak_fence":6,"regions_unexplored:hanging_earlight":6,"minecraft:spruce_fence":39,"regions_unexplored:maple_leaves":29,"minecraft:moss_block":6,"infernalexp:dimstone":1,"minecraft:andesite":2,"minecraft:diamond_block":1,"morevillagers:hunting_post":6,"regions_unexplored:larch_leaves":1,"minecraft:potatoes":329,"lucky:lucky_block":25,"minecraft:white_wool":9,"regions_unexplored:felicia_daisy":1,"minecraft:smithing_table":6,"infernalexp:glow_fire":4,"regions_unexplored:blackwood_planks":12,"minecraft:cornflower":1,"minecraft:emerald_ore":1,"regions_unexplored:silt_dirt":9,"orcz:pallisade":1,"regions_unexplored:blackwood_log":24,"minecraft:tall_grass":119,"regions_unexplored:willow_fence":4,"minecraft:spruce_log":289,"regions_unexplored:stripped_magnolia_log":1,"minecraft:gravel":99,"minecraft:cobweb":9,"regions_unexplored:blackstone_cluster":1,"minecraft:fern":5,"minecraft:infested_stone":10,"minecraft:stone_pressure_plate":1,"minecraft:spruce_planks":220,"orcz:orcamanita":1,"regions_unexplored:willow_planks":23,"regions_unexplored:maple_log":58,"minecraft:grass_block":814,"minecraft:composter":3,"minecraft:raw_iron_block":1,"minecraft:glowstone":12,"minecraft:iron_ore":189,"minecraft:anvil":1,"morevillagers:blueprint_table":2,"regions_unexplored:larch_log":6,"minecraft:spruce_slab":15,"alexsmobs:bison_carpet":3,"regions_unexplored:willow_log":44,"minecraft:calcite":1,"minecraft:poppy":1,"minecraft:beacon":2,"minecraft:chest":5,"regions_unexplored:blue_magnolia_leaves":3,"minecraft:mushroom_stem":40,"minecraft:cobblestone":7,"minecraft:dark_oak_slab":106,"minecraft:birch_log":11,"minecraft:light_gray_wool":1,"minecraft:oak_log":37,"minecraft:sand":5,"minecraft:dirt":99,"minecraft:oak_leaves":17,"infernalexp:buried_bone":2,"minecraft:quartz_stairs":3,"gravestone:gravestone":16,"morevillagers:gardening_table":8,"minecraft:birch_slab":1,"minecraft:spruce_leaves":115,"morevillagers:woodworking_table":4,"regions_unexplored:brimwood_log_magma":5,"minecraft:spore_blossom":1,"minecraft:spruce_sapling":15,"minecraft:furnace":5,"minecraft:raw_gold_block":1,"minecraft:stripped_spruce_log":1,"minecraft:gold_block":2,"minecraft:bookshelf":70,"minecraft:deepslate_iron_ore":1,"regions_unexplored:medium_grass":7,"minecraft:stone":226,"minecraft:scaffolding":1,"regions_unexplored:spruce_branch":1,"regions_unexplored:blackwood_slab":2,"travelersbackpack:standard":1,"minecraft:crafting_table":3,"morevillagers:oceanography_table":6,"minecraft:lectern":3,"minecraft:lapis_ore":4,"regions_unexplored:daisy":2,"minecraft:spruce_stairs":66,"minecraft:birch_planks":3,"bossominium:guardian_sapling":1,"regions_unexplored:red_maple_leaf_pile":2,"minecraft:coal_ore":283,"regions_unexplored:mycotoxic_mushrooms":5,"regions_unexplored:blue_magnolia_shrub":1},"minecraft:picked_up":{"minecraft:iron_chestplate":2,"minecraft:birch_door":2,"regions_unexplored:larch_planks":1,"minecraft:anvil":1,"regions_unexplored:magnolia_log":193,"minecraft:oak_stairs":10,"minecraft:smithing_table":6,"minecraft:diamond_sword":3,"regions_unexplored:silt_dirt":9,"regions_unexplored:blue_magnolia_shrub":1,"minecraft:enchanted_book":6,"minecraft:string":42,"minecraft:beetroot":3,"minecraft:diamond_leggings":1,"regions_unexplored:pine_log":71,"minecraft:cobbled_deepslate":2,"minecraft:spruce_planks":457,"regions_unexplored:larch_log":198,"infernalexp:soul_salt_clump":1,"minecraft:azalea_leaves":2,"minecraft:coal_block":17,"regions_unexplored:pine_shrub":1,"regions_unexplored:blackwood_planks":12,"minecraft:composter":7,"minecraft:golden_axe":1,"morevillagers:hunting_post":14,"orcz:palisadedarkoak":4,"orcz:pallisade":1,"minecraft:black_dye":2,"minecraft:iron_block":51,"minecraft:bookshelf":6,"regions_unexplored:blackwood_slab":2,"minecraft:iron_bars":1,"alexsmobs:flying_fish":1,"minecraft:birch_log":11,"bossominium:forest_core":1,"orcz:orcteeth":72,"minecraft:feather":2,"minecraft:cooked_beef":196,"minecraft:iron_door":1,"minecraft:birch_slab":1,"minecraft:water_bucket":1,"minecraft:brown_wool":3,"minecraft:smoker":3,"alexsmobs:bison_fur":26,"minecraft:flint":10,"minecraft:lantern":16,"morevillagers:oceanography_table":10,"minecraft:stonecutter":2,"regions_unexplored:magnolia_planks":120,"regions_unexplored:maple_stairs":61,"minecraft:diamond_helmet":1,"minecraft:glowstone_dust":30,"minecraft:moss_block":6,"minecraft:honeycomb":16,"minecraft:dropper":8,"minecraft:stripped_spruce_log":2,"minecraft:loom":2,"minecraft:dark_oak_log":205,"alexsmobs:animal_dictionary":1,"regions_unexplored:brimwood_sapling":1,"minecraft:iron_hoe":2,"minecraft:dispenser":4,"minecraft:lever":4,"regions_unexplored:clover":5,"bossominium:the_bossdexium":2,"minecraft:granite":4,"minecraft:chainmail_helmet":1,"regions_unexplored:willow_log":152,"minecraft:bread":64,"alexsmobs:maggot":4,"minecraft:jack_o_lantern":14,"morevillagers:blueprint_table":2,"minecraft:dark_oak_fence":6,"minecraft:crafting_table":4,"minecraft:coarse_dirt":1,"minecraft:redstone_lamp":12,"irons_spellbooks:tarnished_helmet":2,"regions_unexplored:blackstone_cluster":1,"morevillagers:woodworking_table":8,"gravestone:obituary":2,"minecraft:heavy_weighted_pressure_plate":1,"minecraft:cornflower":2,"minecraft:red_bed":4,"minecraft:flint_and_steel":1,"minecraft:iron_shovel":3,"morevillagers:gardening_table":20,"minecraft:beef":24,"minecraft:iron_nugget":82,"minecraft:poppy":4,"minecraft:spruce_slab":15,"minecraft:quartz_stairs":3,"minecraft:chest":12,"minecraft:birch_sapling":2,"minecraft:piston":12,"minecraft:egg":2,"minecraft:raw_gold_block":1,"minecraft:oak_door":1,"minecraft:spruce_fence":38,"orcz:orchorn":2,"minecraft:redstone":32,"minecraft:tnt":12,"regions_unexplored:dusktrap":4,"minecraft:beetroot_seeds":8,"regions_unexplored:felicia_daisy":1,"minecraft:shears":1,"minecraft:diamond_boots":1,"minecraft:gold_ingot":29,"regions_unexplored:willow_planks":93,"minecraft:bone_block":34,"minecraft:white_wool":56,"minecraft:oxeye_daisy":2,"minecraft:tripwire_hook":2,"minecraft:end_portal_frame":15,"minecraft:red_mushroom":28,"minecraft:filled_map":1,"minecraft:oak_log":45,"minecraft:golden_boots":1,"regions_unexplored:stripped_magnolia_log":1,"minecraft:apple":27,"minecraft:spore_blossom":1,"minecraft:oak_fence_gate":1,"regions_unexplored:larch_sapling":16,"regions_unexplored:brimwood_log":116,"minecraft:iron_sword":2,"minecraft:dark_oak_slab":107,"minecraft:daylight_detector":2,"minecraft:gravel":90,"orcz:orcamanita":1,"minecraft:spruce_sapling":232,"infernalexp:glowcoal":1,"minecraft:spruce_log":2756,"minecraft:leather_helmet":1,"travelersbackpack:standard":1,"regions_unexplored:blackwood_trapdoor":11,"minecraft:gray_wool":2,"minecraft:oak_button":2,"minecraft:baked_potato":187,"minecraft:hopper":8,"minecraft:ender_pearl":1,"minecraft:wheat":201,"minecraft:iron_trapdoor":6,"regions_unexplored:brimsprout":2,"regions_unexplored:maple_planks":108,"minecraft:sticky_piston":8,"irons_spellbooks:arcane_essence":38,"minecraft:smooth_stone":13,"minecraft:comparator":4,"minecraft:light_weighted_pressure_plate":1,"minecraft:red_dye":3,"minecraft:redstone_torch":16,"minecraft:calcite":1,"minecraft:iron_pickaxe":3,"regions_unexplored:blackwood_log":678,"minecraft:furnace":5,"minecraft:stick":448,"minecraft:torch":4,"minecraft:spruce_stairs":66,"epicfight:skillbook":2,"minecraft:porkchop":11,"minecraft:diorite":1,"regions_unexplored:blackwood_fence":8,"regions_unexplored:daisy":2,"minecraft:goat_horn":1,"regions_unexplored:magnolia_stairs":13,"minecraft:rotten_flesh":137,"regions_unexplored:blue_magnolia_sapling":34,"minecraft:obsidian":34,"minecraft:cobblestone":374,"minecraft:leather_chestplate":2,"minecraft:repeater":24,"minecraft:andesite":2,"minecraft:golden_leggings":4,"minecraft:beacon":3,"minecraft:potato":1340,"bossominium:guardian_sapling":1,"minecraft:dirt":2126,"minecraft:lapis_lazuli":50,"minecraft:stripped_birch_log":2,"minecraft:name_tag":1,"minecraft:glass":33,"minecraft:bone":78,"travelersbackpack:backpack_tank":2,"minecraft:bow":5,"minecraft:wheat_seeds":977,"minecraft:fletching_table":28,"minecraft:oak_planks":74,"regions_unexplored:mycotoxic_mushrooms":9,"minecraft:cooked_porkchop":36,"minecraft:oak_pressure_plate":2,"minecraft:poisonous_potato":33,"minecraft:sand":4,"minecraft:diamond_block":2,"alexsmobs:bison_carpet":3,"travelersbackpack:white_sleeping_bag":1,"regions_unexplored:hanging_earlight_fruit":2,"minecraft:spruce_boat":14,"minecraft:crossbow":2,"minecraft:bone_meal":12,"minecraft:grass":2,"minecraft:emerald":2,"orcz:ironscrap":9,"minecraft:oak_sapling":3,"regions_unexplored:mycotoxic_grass":1,"minecraft:ladder":1,"minecraft:wooden_pickaxe":1,"minecraft:gold_block":3,"regions_unexplored:red_maple_leaf_pile":4,"regions_unexplored:maple_leaves":29,"minecraft:oak_trapdoor":8,"minecraft:iron_axe":2,"minecraft:player_head":11,"infernalexp:glownuggets":5,"bossominium:vex_wing":2,"minecraft:light_gray_wool":6,"minecraft:lectern":9,"minecraft:sugar_cane":12,"minecraft:spruce_trapdoor":3,"minecraft:dark_oak_sapling":15,"minecraft:raw_iron":190,"regions_unexplored:silver_birch_leaf_pile":59,"minecraft:note_block":2,"minecraft:gray_dye":2,"minecraft:stone_button":2,"minecraft:stone_pressure_plate":3,"minecraft:dark_oak_planks":10,"minecraft:arrow":63,"regions_unexplored:maple_sapling":42,"minecraft:pumpkin_pie":30,"minecraft:saddle":2,"minecraft:skeleton_skull":3,"regions_unexplored:peat_dirt":2,"minecraft:leather":152,"minecraft:birch_planks":6,"minecraft:gunpowder":24,"gobber2:gobber2_tree_axe":1,"regions_unexplored:tall_cobalt_earlight":2,"minecraft:cooked_mutton":60,"irons_spellbooks:common_ink":2,"minecraft:spruce_wood":6,"minecraft:iron_ingot":139,"minecraft:green_dye":9,"minecraft:book":363,"minecraft:scaffolding":2,"slashblade:proudsoul_tiny":2,"minecraft:pumpkin":14,"regions_unexplored:willow_sapling":53,"minecraft:dandelion":3,"minecraft:raw_iron_block":1,"minecraft:blast_furnace":23,"minecraft:white_bed":12,"minecraft:spider_eye":10,"minecraft:lime_dye":3,"regions_unexplored:willow_fence":4,"regions_unexplored:blackwood_sapling":96,"minecraft:chainmail_leggings":1,"regions_unexplored:maple_log":74,"minecraft:black_wool":13,"minecraft:coal":387},"minecraft:broken":{"minecraft:iron_chestplate":1,"minecraft:shield":1,"minecraft:iron_axe":5,"minecraft:iron_pickaxe":2,"minecraft:iron_helmet":1,"minecraft:iron_shovel":4}},"DataVersion":3120}