{"stats":{"minecraft:broken":{"minecraft:iron_chestplate":1,"minecraft:shield":1,"minecraft:iron_axe":6,"minecraft:iron_pickaxe":2,"minecraft:iron_helmet":1,"minecraft:iron_shovel":4},"minecraft:used":{"minecraft:moss_block":6,"minecraft:spruce_slab":79,"minecraft:poppy":1,"minecraft:chest":52,"minecraft:spruce_boat":14,"alexsmobs:bison_carpet":3,"minecraft:dark_oak_slab":168,"gobber2:gobber2_hammer":3097,"gobber2:gobber2_tree_axe":232,"minecraft:bow":14,"minecraft:oak_sapling":1,"minecraft:furnace":22,"minecraft:egg":2,"regions_unexplored:maple_leaves":13,"regions_unexplored:spruce_branch":1,"minecraft:potato":535,"gobber2:gobber2_pickaxe":199,"minecraft:wooden_pickaxe":38,"minecraft:composter":1,"minecraft:glow_berries":4,"orcz:bone_1":4,"regions_unexplored:blackwood_fence":99,"minecraft:blast_furnace":39,"regions_unexplored:dusktrap":1,"minecraft:birch_slab":1,"minecraft:lectern":273,"minecraft:spore_blossom":1,"regions_unexplored:blackwood_planks":100,"minecraft:diamond_sword":770,"minecraft:smithing_table":7,"minecraft:dark_oak_fence":6,"minecraft:stone_sword":1,"minecraft:enchanting_table":1,"minecraft:netherrack":100,"minecraft:torch":352,"minecraft:anvil":2,"orcz:palisadedarkoak":44,"regions_unexplored:clover":5,"regions_unexplored:magnolia_log":88,"regions_unexplored:blue_magnolia_shrub":1,"minecraft:iron_block":9,"minecraft:iron_axe":1870,"bossominium:guardian_sapling":1,"minecraft:cobbled_deepslate":22,"minecraft:wheat_seeds":630,"minecraft:water_bucket":43,"minecraft:birch_planks":3,"regions_unexplored:willow_fence":33,"minecraft:fletching_table":118,"minecraft:crafting_table":10,"minecraft:red_bed":2,"minecraft:white_bed":27,"minecraft:spruce_log":145,"minecraft:oak_log":5,"minecraft:diamond_pickaxe":2985,"minecraft:cornflower":1,"minecraft:oxeye_daisy":1,"minecraft:iron_pickaxe":738,"minecraft:spruce_sapling":349,"orcz:pallisade":91,"minecraft:cobblestone":53,"travelersbackpack:standard":32,"minecraft:cooked_porkchop":7,"regions_unexplored:magnolia_stairs":13,"minecraft:iron_shovel":903,"minecraft:shield":59,"regions_unexplored:willow_planks":38,"minecraft:spruce_wood":32,"minecraft:lantern":30,"regions_unexplored:maple_sapling":2,"regions_unexplored:willow_sapling":12,"minecraft:magma_block":2,"minecraft:scaffolding":1,"minecraft:dark_oak_sapling":8,"minecraft:dark_oak_stairs":28,"epicfight:skillbook":9,"minecraft:stone_pickaxe":75,"minecraft:oak_planks":42,"minecraft:ender_pearl":1,"minecraft:black_bed":3,"minecraft:shears":32,"regions_unexplored:blackwood_sapling":15,"orcz:big_bone_1":2,"regions_unexplored:willow_log":7,"regions_unexplored:maple_stairs":63,"minecraft:andesite":1,"regions_unexplored:larch_sapling":1,"minecraft:bone_meal":414,"minecraft:flint_and_steel":10,"minecraft:stone_shovel":46,"minecraft:spruce_planks":886,"minecraft:wooden_shovel":25,"minecraft:dirt":665,"minecraft:spruce_stairs":222,"minecraft:spruce_fence":39,"minecraft:birch_door":1,"minecraft:iron_hoe":203,"minecraft:dark_oak_planks":346,"alexsmobs:maggot":1,"minecraft:bookshelf":15,"minecraft:oak_stairs":1,"minecraft:light_gray_wool":2,"regions_unexplored:larch_planks":1,"minecraft:netherite_pickaxe":978,"minecraft:stone_pressure_plate":1,"minecraft:cooked_beef":127,"regions_unexplored:blackwood_log":31,"minecraft:cooked_mutton":1,"minecraft:baked_potato":195,"regions_unexplored:peat_dirt":2,"minecraft:beacon":1,"regions_unexplored:blue_magnolia_sapling":6,"regions_unexplored:blackwood_trapdoor":108,"minecraft:smoker":1,"regions_unexplored:blackwood_slab":19,"minecraft:map":1,"gobber2:gobber2_gooey_beefstew_nether":1,"minecraft:stone_axe":51,"minecraft:bucket":62,"minecraft:pumpkin_pie":3,"regions_unexplored:maple_log":3},"minecraft:custom":{"minecraft:interact_with_crafting_table":114,"minecraft:open_barrel":6,"goblintraders:trade_with_goblin":68,"minecraft:leave_game":7,"minecraft:time_since_death":123598,"minecraft:damage_blocked_by_shield":4861,"minecraft:play_time":1131521,"minecraft:deaths":13,"minecraft:jump":20523,"minecraft:enchant_item":4,"minecraft:interact_with_furnace":67,"minecraft:traded_with_villager":1382,"minecraft:sleep_in_bed":53,"minecraft:waystone_activated":3,"minecraft:damage_dealt":67561,"minecraft:interact_with_smoker":7,"minecraft:horse_one_cm":199430,"minecraft:interact_with_smithing_table":4,"minecraft:interact_with_anvil":7,"minecraft:sneak_time":16246,"minecraft:interact_with_lectern":3,"minecraft:interact_with_blast_furnace":29,"minecraft:total_world_time":1131521,"minecraft:time_since_rest":61740,"minecraft:swim_one_cm":232139,"minecraft:fly_one_cm":8527001,"minecraft:open_chest":1048,"minecraft:fall_one_cm":590498,"minecraft:animals_bred":2,"minecraft:sprint_one_cm":4665019,"minecraft:drop":447,"minecraft:talked_to_villager":524,"minecraft:walk_on_water_one_cm":192441,"minecraft:interact_with_beacon":1,"minecraft:player_kills":2,"minecraft:crouch_one_cm":74556,"minecraft:mob_kills":259,"minecraft:damage_dealt_resisted":146,"minecraft:climb_one_cm":22645,"minecraft:walk_one_cm":7317186,"minecraft:walk_under_water_one_cm":85210,"minecraft:boat_one_cm":170311,"minecraft:damage_taken":16147},"minecraft:dropped":{"minecraft:porkchop":1,"minecraft:piston":4,"minecraft:lapis_lazuli":25,"minecraft:oak_pressure_plate":2,"minecraft:cooked_beef":34,"gobber2:gobber2_gooey_beefstew_nether":1,"minecraft:crossbow":1,"regions_unexplored:pine_shrub":1,"minecraft:saddle":1,"minecraft:leather_helmet":2,"regions_unexplored:maple_planks":64,"minecraft:emerald":79,"minecraft:light_weighted_pressure_plate":1,"minecraft:dirt":720,"minecraft:red_bed":1,"minecraft:grass":2,"minecraft:stone_button":2,"alexsmobs:flying_fish":1,"minecraft:jack_o_lantern":14,"irons_spellbooks:arcane_essence":19,"minecraft:gold_nugget":2,"minecraft:bone_meal":1,"minecraft:sand":4,"gobber2:gobber2_goo":1,"minecraft:iron_pickaxe":1,"minecraft:white_wool":7,"minecraft:gray_dye":2,"minecraft:bone":18,"minecraft:oak_door":1,"minecraft:stone_axe":1,"minecraft:sugar_cane":4,"minecraft:iron_nugget":26,"minecraft:cobbled_deepslate":293,"minecraft:obsidian":10,"minecraft:rotten_flesh":32,"minecraft:oak_planks":4,"minecraft:lime_dye":3,"minecraft:azalea_leaves":1,"minecraft:heavy_weighted_pressure_plate":1,"minecraft:ladder":1,"minecraft:glass":3,"minecraft:lectern":3,"slashblade:proudsoul_tiny":1,"minecraft:egg":1,"minecraft:enchanted_book":2,"minecraft:iron_ingot":24,"morevillagers:hunting_post":5,"minecraft:black_dye":2,"minecraft:wheat_seeds":126,"minecraft:feather":1,"minecraft:cobblestone":74,"minecraft:book":79,"minecraft:apple":13,"minecraft:granite":24,"minecraft:chainmail_helmet":5,"regions_unexplored:daisy":2,"minecraft:coal":3,"minecraft:oxeye_daisy":1,"bygonenether:cobbled_blackstone":64,"minecraft:iron_trapdoor":2,"regions_unexplored:dusktrap":1,"minecraft:stripped_birch_log":2,"minecraft:oak_stairs":3,"minecraft:pumpkin":14,"minecraft:red_dye":3,"regions_unexplored:silver_birch_leaf_pile":21,"minecraft:paper":1,"minecraft:string":16,"create:raw_zinc":6,"minecraft:spruce_sapling":78,"minecraft:player_head":1,"minecraft:stone_sword":1,"minecraft:stone_shovel":1,"orcz:orcamanita":1,"minecraft:iron_boots":1,"regions_unexplored:blackstone_cluster":1,"minecraft:diamond_sword":2,"minecraft:potato":722,"minecraft:spruce_trapdoor":3,"minecraft:spruce_planks":768,"gobber2:gobber2_gooey_beef_nether":1,"minecraft:wooden_shovel":1,"minecraft:stone_pressure_plate":2,"minecraft:spider_eye":2,"minecraft:bow":1,"minecraft:oak_log":1,"minecraft:baked_potato":62,"regions_unexplored:willow_sapling":2,"minecraft:leather":39,"travelersbackpack:standard":1,"regions_unexplored:red_maple_leaf_pile":4,"minecraft:redstone_lamp":4,"regions_unexplored:brimsprout":2,"minecraft:cornflower":1,"gravestone:obituary":18,"minecraft:pumpkin_pie":9,"regions_unexplored:willow_planks":36,"regions_unexplored:felicia_daisy":1,"minecraft:gravel":1,"minecraft:beetroot":2,"regions_unexplored:maple_sapling":12,"minecraft:cooked_mutton":29,"regions_unexplored:mycotoxic_grass":1,"minecraft:oak_fence_gate":1,"minecraft:leather_chestplate":3,"minecraft:skeleton_skull":1,"minecraft:beetroot_seeds":6,"minecraft:birch_door":1,"minecraft:chest":1,"minecraft:chainmail_boots":12,"morevillagers:woodworking_table":4,"minecraft:iron_bars":1,"minecraft:arrow":10,"minecraft:scaffolding":1,"minecraft:netherrack":1513,"minecraft:bread":129,"regions_unexplored:magnolia_planks":60,"minecraft:poisonous_potato":33,"minecraft:golden_axe":1,"morevillagers:gardening_table":7,"bossominium:the_bossdexium":1,"minecraft:stick":3530,"minecraft:iron_block":27,"minecraft:diorite":1,"minecraft:green_dye":9,"minecraft:repeater":8,"minecraft:iron_door":1,"minecraft:iron_leggings":1,"minecraft:iron_axe":1,"minecraft:tripwire_hook":2,"alexsmobs:maggot":2,"minecraft:oak_trapdoor":2,"minecraft:coarse_dirt":1,"minecraft:tuff":7,"minecraft:composter":2,"minecraft:light_gray_wool":2,"orcz:ironscrap":3,"minecraft:oak_button":2,"minecraft:iron_chestplate":1,"minecraft:andesite":18,"minecraft:quartz_stairs":3,"minecraft:golden_leggings":3,"minecraft:oak_sapling":2,"minecraft:end_portal_frame":5,"minecraft:spruce_log":1620,"minecraft:stone_pickaxe":1,"minecraft:wooden_pickaxe":3,"minecraft:calcite":1},"minecraft:killed_by":{"minecraft:piglin_brute":2,"minecraft:creeper":5,"minecraft:iron_golem":4},"minecraft:picked_up":{"minecraft:birch_door":2,"minecraft:iron_chestplate":2,"regions_unexplored:larch_planks":1,"minecraft:anvil":2,"regions_unexplored:magnolia_log":193,"minecraft:oak_stairs":10,"minecraft:smithing_table":6,"minecraft:diamond_sword":4,"regions_unexplored:silt_dirt":9,"regions_unexplored:blue_magnolia_shrub":1,"minecraft:enchanted_book":6,"minecraft:string":42,"gobber2:gobber2_glass_nether":16,"minecraft:beetroot":3,"minecraft:diamond_leggings":1,"minecraft:gold_nugget":171,"regions_unexplored:pine_log":71,"minecraft:cobbled_deepslate":1108,"minecraft:spruce_planks":1123,"regions_unexplored:larch_log":198,"infernalexp:soul_salt_clump":1,"minecraft:azalea_leaves":2,"minecraft:coal_block":17,"regions_unexplored:pine_shrub":1,"regions_unexplored:blackwood_planks":12,"minecraft:composter":7,"minecraft:golden_axe":1,"morevillagers:hunting_post":14,"orcz:palisadedarkoak":4,"orcz:pallisade":1,"minecraft:black_dye":2,"minecraft:iron_block":51,"minecraft:bookshelf":6,"regions_unexplored:blackwood_slab":2,"minecraft:iron_bars":1,"alexsmobs:flying_fish":2,"minecraft:birch_log":11,"bossominium:forest_core":1,"minecraft:magma_block":2,"minecraft:feather":2,"minecraft:cooked_beef":224,"orcz:orcteeth":72,"minecraft:iron_door":1,"minecraft:birch_slab":1,"minecraft:water_bucket":1,"minecraft:brown_wool":3,"minecraft:smoker":3,"alexsmobs:bison_fur":32,"minecraft:flint":11,"gobber2:gobber2_gooey_bread_nether":11,"minecraft:lantern":17,"morevillagers:oceanography_table":10,"minecraft:stonecutter":2,"regions_unexplored:magnolia_planks":120,"regions_unexplored:maple_stairs":61,"gobber2:gobber2_globette":362,"minecraft:diamond_helmet":1,"minecraft:glowstone_dust":38,"minecraft:moss_block":6,"minecraft:honeycomb":16,"minecraft:dropper":8,"minecraft:stripped_spruce_log":2,"minecraft:loom":2,"minecraft:dark_oak_log":205,"alexsmobs:animal_dictionary":1,"regions_unexplored:brimwood_sapling":1,"minecraft:iron_hoe":2,"minecraft:dispenser":4,"minecraft:lever":4,"regions_unexplored:clover":5,"bossominium:the_bossdexium":2,"minecraft:granite":24,"minecraft:chainmail_helmet":1,"regions_unexplored:willow_log":152,"minecraft:bread":64,"alexsmobs:maggot":4,"minecraft:jack_o_lantern":14,"morevillagers:blueprint_table":2,"minecraft:dark_oak_fence":6,"minecraft:crafting_table":4,"minecraft:coarse_dirt":1,"minecraft:redstone_lamp":12,"irons_spellbooks:tarnished_helmet":3,"regions_unexplored:blackstone_cluster":1,"morevillagers:woodworking_table":8,"gravestone:obituary":2,"minecraft:heavy_weighted_pressure_plate":1,"minecraft:cornflower":2,"minecraft:red_bed":4,"minecraft:flint_and_steel":1,"minecraft:iron_shovel":3,"morevillagers:gardening_table":20,"minecraft:beef":24,"minecraft:poppy":4,"minecraft:iron_nugget":82,"minecraft:spruce_slab":15,"minecraft:quartz_stairs":3,"minecraft:chest":12,"minecraft:birch_sapling":2,"minecraft:piston":12,"minecraft:egg":3,"minecraft:raw_gold_block":1,"minecraft:oak_door":1,"minecraft:spruce_fence":38,"orcz:orchorn":2,"minecraft:redstone":118,"minecraft:tnt":12,"regions_unexplored:dusktrap":4,"minecraft:beetroot_seeds":8,"gobber2:gobber2_gooey_beef_nether":6,"regions_unexplored:felicia_daisy":1,"minecraft:shears":1,"minecraft:diamond_boots":1,"minecraft:gold_ingot":29,"regions_unexplored:willow_planks":93,"minecraft:white_wool":56,"minecraft:bone_block":34,"minecraft:oxeye_daisy":2,"minecraft:tripwire_hook":2,"minecraft:red_mushroom":28,"minecraft:end_portal_frame":15,"minecraft:filled_map":1,"minecraft:oak_log":45,"minecraft:ancient_debris":39,"minecraft:golden_boots":1,"regions_unexplored:stripped_magnolia_log":1,"minecraft:apple":27,"minecraft:spore_blossom":1,"minecraft:oak_fence_gate":1,"regions_unexplored:larch_sapling":16,"gobber2:gobber2_gooey_beefstew_nether":2,"regions_unexplored:brimwood_log":116,"minecraft:iron_sword":2,"minecraft:dark_oak_slab":107,"minecraft:daylight_detector":2,"minecraft:gravel":93,"orcz:orcamanita":1,"minecraft:spruce_sapling":455,"infernalexp:glowcoal":1,"minecraft:spruce_log":7955,"minecraft:leather_helmet":1,"travelersbackpack:standard":1,"regions_unexplored:blackwood_trapdoor":57,"minecraft:gray_wool":2,"minecraft:oak_button":2,"minecraft:baked_potato":189,"gobber2:gobber2_goo_nether":9,"minecraft:hopper":8,"minecraft:ender_pearl":1,"minecraft:wheat":201,"minecraft:iron_trapdoor":6,"regions_unexplored:brimsprout":2,"regions_unexplored:maple_planks":108,"minecraft:raw_copper":20,"minecraft:sticky_piston":8,"irons_spellbooks:arcane_essence":43,"alexsmobs:blood_sac":1,"minecraft:smooth_stone":13,"minecraft:comparator":4,"minecraft:light_weighted_pressure_plate":1,"minecraft:red_dye":3,"minecraft:redstone_torch":16,"minecraft:calcite":1,"minecraft:iron_pickaxe":3,"regions_unexplored:blackwood_log":678,"minecraft:furnace":5,"minecraft:stick":3770,"minecraft:torch":6,"minecraft:spruce_stairs":66,"epicfight:skillbook":2,"minecraft:porkchop":11,"minecraft:diorite":39,"infernalexp:raw_hogchop":1,"regions_unexplored:blackwood_fence":8,"regions_unexplored:daisy":2,"minecraft:goat_horn":1,"gobber2:gobber2_foo":1,"regions_unexplored:magnolia_stairs":13,"minecraft:rotten_flesh":174,"infernalexp:cooked_hogchop":4,"regions_unexplored:blue_magnolia_sapling":34,"minecraft:obsidian":34,"minecraft:cobblestone":532,"minecraft:leather_chestplate":3,"minecraft:repeater":24,"minecraft:andesite":19,"minecraft:golden_leggings":4,"minecraft:beacon":3,"minecraft:potato":1340,"minecraft:tuff":260,"create:raw_zinc":12,"bossominium:guardian_sapling":1,"minecraft:dirt":2146,"minecraft:lapis_lazuli":317,"minecraft:stripped_birch_log":2,"minecraft:name_tag":1,"irons_spellbooks:hogskin":3,"minecraft:glass":33,"minecraft:bone":90,"travelersbackpack:backpack_tank":2,"gobber2:gobber2_gooey_beef":1,"minecraft:bow":6,"minecraft:wheat_seeds":980,"minecraft:raw_gold":75,"minecraft:fletching_table":109,"minecraft:oak_planks":74,"gobber2:gobber2_gooey_bread":2,"gobber2:gobber2_rod_nether":22,"regions_unexplored:mycotoxic_mushrooms":9,"minecraft:cooked_porkchop":52,"minecraft:oak_pressure_plate":2,"minecraft:poisonous_potato":33,"minecraft:sand":4,"minecraft:diamond_block":2,"alexsmobs:bison_carpet":3,"travelersbackpack:white_sleeping_bag":1,"regions_unexplored:hanging_earlight_fruit":2,"minecraft:diamond":20,"minecraft:spruce_boat":14,"minecraft:crossbow":2,"minecraft:grass":2,"minecraft:bone_meal":13,"minecraft:emerald":98,"orcz:ironscrap":9,"minecraft:oak_sapling":3,"minecraft:netherrack":1859,"gobber2:gobber2_goo":4,"regions_unexplored:mycotoxic_grass":1,"minecraft:ladder":1,"minecraft:wooden_pickaxe":1,"minecraft:gold_block":3,"regions_unexplored:red_maple_leaf_pile":4,"regions_unexplored:maple_leaves":29,"minecraft:oak_trapdoor":8,"minecraft:iron_axe":2,"minecraft:player_head":11,"infernalexp:glownuggets":784,"bossominium:vex_wing":2,"minecraft:light_gray_wool":6,"minecraft:lectern":277,"minecraft:sugar_cane":12,"minecraft:spruce_trapdoor":3,"minecraft:dark_oak_sapling":15,"minecraft:raw_iron":439,"regions_unexplored:silver_birch_leaf_pile":59,"bygonenether:cobbled_blackstone":242,"minecraft:note_block":2,"minecraft:gray_dye":2,"minecraft:stone_button":2,"minecraft:stone_pressure_plate":3,"minecraft:dark_oak_planks":10,"gobber2:gobber2_globette_nether":215,"minecraft:arrow":72,"regions_unexplored:maple_sapling":42,"minecraft:pumpkin_pie":30,"minecraft:saddle":2,"minecraft:skeleton_skull":3,"regions_unexplored:peat_dirt":2,"minecraft:glow_ink_sac":5,"minecraft:leather":152,"minecraft:birch_planks":6,"minecraft:gunpowder":26,"gobber2:gobber2_tree_axe":1,"regions_unexplored:tall_cobalt_earlight":2,"minecraft:cooked_mutton":60,"irons_spellbooks:common_ink":2,"minecraft:spruce_wood":6,"minecraft:iron_ingot":139,"minecraft:soul_sand":7,"minecraft:green_dye":9,"minecraft:book":402,"minecraft:scaffolding":2,"slashblade:proudsoul_tiny":2,"minecraft:pumpkin":14,"regions_unexplored:willow_sapling":53,"minecraft:quartz":129,"minecraft:dandelion":3,"minecraft:raw_iron_block":1,"minecraft:blast_furnace":35,"minecraft:white_bed":12,"minecraft:spider_eye":10,"minecraft:lime_dye":3,"regions_unexplored:willow_fence":4,"regions_unexplored:blackwood_sapling":96,"minecraft:chainmail_leggings":1,"regions_unexplored:maple_log":74,"minecraft:black_wool":13,"minecraft:coal":545},"minecraft:killed":{"minecraft:skeleton":17,"minecraft:skeleton_horse":1,"minecraft:iron_golem":5,"minecraft:zombie":63,"orcz:bigorcboss":1,"orcz:orcsavage_2sword":2,"infernalexp:shroomloin":1,"minecraft:cow":36,"orcz:orcsavagemace":3,"orcz:orcsavageweird":1,"infernalexp:glowsquito":4,"minecraft:ravager":2,"minecraft:witch":1,"minecraft:spider":4,"minecraft:silverfish":8,"minecraft:piglin_brute":12,"minecraft:piglin":5,"minecraft:pig":18,"minecraft:zombie_villager":2,"orcz:goblinsavagemace":2,"irons_spellbooks:necromancer":5,"minecraft:creeper":7,"alexsmobs:crimson_mosquito":1,"minecraft:sheep":5,"alexsmobs:fly":3,"orcz:orcshield":2,"bossominium:forest_guardian":6,"alexsmobs:bison":11,"infernalexp:glowsilk_moth":1,"alexsmobs:flying_fish":1,"minecraft:bat":2,"minecraft:hoglin":1,"minecraft:wither_skeleton":2,"minecraft:villager":1},"minecraft:crafted":{"bossominium:forest_mace":1,"minecraft:smooth_stone":16,"minecraft:chainmail_helmet":5,"travelersbackpack:crafting_upgrade":1,"regions_unexplored:maple_planks":284,"minecraft:bookshelf":27,"minecraft:diamond_helmet":1,"minecraft:diamond_leggings":1,"regions_unexplored:blackwood_trapdoor":104,"regions_unexplored:blackwood_slab":36,"minecraft:wooden_shovel":1,"minecraft:emerald":1271,"gobber2:gobber2_ingot":45,"minecraft:cooked_porkchop":5,"gobber2:gobber2_glob_nether":23,"gobber2:gobber2_hammer":1,"travelersbackpack:standard":1,"gobber2:gobber2_bow_nether":1,"minecraft:smithing_table":1,"gobber2:gobber2_rod":6,"regions_unexplored:magnolia_stairs":40,"minecraft:fletching_table":9,"regions_unexplored:spruce_branch":2,"minecraft:lectern":6,"gobber2:gobber2_hammer_nether":1,"minecraft:iron_pickaxe":3,"minecraft:iron_block":30,"minecraft:gold_ingot":155,"minecraft:netherite_ingot":1,"regions_unexplored:blackwood_planks":1156,"minecraft:stone_shovel":1,"minecraft:iron_nugget":230,"minecraft:bone_meal":441,"minecraft:spruce_fence":66,"travelersbackpack:blank_upgrade":4,"travelersbackpack:gold_tier_upgrade":1,"gobber2:gobber2_glob":22,"minecraft:lantern":32,"minecraft:diamond":18,"minecraft:spruce_stairs":212,"travelersbackpack:white_sleeping_bag":2,"minecraft:spruce_slab":228,"minecraft:stone_pickaxe":1,"minecraft:diamond_boots":3,"regions_unexplored:blackwood_fence":159,"minecraft:spruce_boat":1,"orcz:pallisade":120,"minecraft:dark_oak_planks":772,"regions_unexplored:magnolia_planks":160,"minecraft:chainmail_leggings":9,"minecraft:coal_block":8,"minecraft:enchanting_table":1,"alexsmobs:bison_carpet":3,"minecraft:enchanted_book":50,"minecraft:chainmail_boots":12,"minecraft:oak_stairs":20,"minecraft:iron_shovel":3,"minecraft:iron_leggings":1,"minecraft:white_bed":14,"bossominium:charcoal_bone_meal":35,"gobber2:gobber2_block_nether":1,"minecraft:oak_planks":116,"gobber2:gobber2_pickaxe_nether":1,"regions_unexplored:larch_planks":256,"minecraft:stone":16,"regions_unexplored:maple_stairs":60,"minecraft:iron_boots":11,"regions_unexplored:brimwood_planks":208,"minecraft:chest":44,"regions_unexplored:willow_planks":200,"gobber2:gobber2_pickaxe":1,"regions_unexplored:willow_fence":30,"gobber2:gobber2_sword_nether":1,"travelersbackpack:iron_tier_upgrade":1,"gobber2:gobber2_ingot_nether":45,"minecraft:crafting_table":9,"minecraft:spruce_planks":21364,"minecraft:iron_helmet":11,"minecraft:wooden_pickaxe":2,"minecraft:baked_potato":128,"gobber2:gobber2_tree_axe_nether":1,"minecraft:chainmail_chestplate":10,"minecraft:birch_planks":44,"minecraft:dark_oak_slab":180,"minecraft:iron_chestplate":1,"minecraft:diamond_pickaxe":1,"minecraft:shield":4,"minecraft:stick":40725,"minecraft:iron_ingot":760,"minecraft:stone_sword":1,"minecraft:black_bed":3,"minecraft:shears":2,"minecraft:nether_wart":8,"minecraft:raw_iron":9,"minecraft:coal":225,"minecraft:furnace":21,"minecraft:blast_furnace":4,"minecraft:iron_axe":6,"minecraft:spruce_wood":63,"minecraft:netherite_scrap":43,"minecraft:dark_oak_stairs":40,"travelersbackpack:backpack_tank":4,"regions_unexplored:willow_stairs":24,"minecraft:bucket":17,"minecraft:stone_axe":1,"minecraft:bread":65,"minecraft:air":0,"aether:iron_gloves":1,"minecraft:raw_gold":9,"alexsmobs:bison_fur_block":2,"orcz:palisadedarkoak":48,"minecraft:torch":460,"minecraft:diamond_chestplate":1},"minecraft:mined":{"minecraft:dark_oak_planks":10,"minecraft:white_bed":12,"regions_unexplored:brimsprout":2,"regions_unexplored:magnolia_log":139,"regions_unexplored:brimwood_leaves":14,"orcz:palisadedarkoak":4,"regions_unexplored:larch_planks":1,"minecraft:granite":21,"minecraft:coal_block":17,"minecraft:oxeye_daisy":1,"minecraft:spawner":2,"minecraft:tall_seagrass":1,"gobber2:gobber2_ore":4,"minecraft:magma_block":2,"regions_unexplored:stone_bud":2,"regions_unexplored:magnolia_stairs":13,"minecraft:cobbled_deepslate":4,"minecraft:fire":4,"gobber2:gobber2_ore_nether":66,"minecraft:deepslate_lapis_ore":15,"minecraft:fletching_table":109,"regions_unexplored:maple_stairs":60,"minecraft:dirt_path":2,"minecraft:oak_stairs":5,"minecraft:spruce_wood":6,"minecraft:iron_block":24,"minecraft:player_head":6,"minecraft:red_bed":2,"regions_unexplored:tall_cobalt_earlight":2,"minecraft:smoker":2,"infernalexp:planted_quartz":1,"minecraft:torch":1,"minecraft:blast_furnace":35,"regions_unexplored:peat_grass_block":2,"gobber2:gobber2_lucky_block_nether":33,"minecraft:glass":3,"minecraft:sugar_cane":1,"regions_unexplored:blackwood_sapling":4,"regions_unexplored:pine_log":6,"minecraft:skeleton_skull":1,"regions_unexplored:blackwood_fence":8,"minecraft:wheat":327,"minecraft:birch_door":1,"minecraft:grass":747,"minecraft:loom":1,"minecraft:red_mushroom_block":80,"minecraft:stonecutter":1,"minecraft:deepslate":754,"regions_unexplored:blackwood_trapdoor":57,"regions_unexplored:willow_leaves":30,"minecraft:dark_oak_log":4,"regions_unexplored:dusktrap":2,"minecraft:dark_oak_fence":6,"regions_unexplored:hanging_earlight":6,"minecraft:spruce_fence":39,"regions_unexplored:maple_leaves":29,"minecraft:moss_block":6,"infernalexp:dimstone":4,"minecraft:andesite":19,"minecraft:diamond_block":1,"morevillagers:hunting_post":6,"regions_unexplored:larch_leaves":1,"minecraft:potatoes":329,"lucky:lucky_block":25,"minecraft:white_wool":9,"regions_unexplored:felicia_daisy":1,"minecraft:smithing_table":6,"infernalexp:glow_fire":4,"minecraft:soul_sand":7,"regions_unexplored:blackwood_planks":12,"minecraft:cornflower":1,"minecraft:emerald_ore":1,"regions_unexplored:silt_dirt":9,"orcz:pallisade":1,"regions_unexplored:blackwood_log":24,"minecraft:copper_ore":3,"minecraft:tall_grass":120,"minecraft:deepslate_gold_ore":36,"minecraft:diorite":38,"regions_unexplored:willow_fence":4,"minecraft:spruce_log":344,"infernalexp:dullstone":279,"regions_unexplored:stripped_magnolia_log":1,"minecraft:gravel":103,"minecraft:cobweb":9,"regions_unexplored:blackstone_cluster":1,"minecraft:fern":5,"minecraft:infested_stone":10,"create:deepslate_zinc_ore":3,"minecraft:stone_pressure_plate":1,"minecraft:spruce_planks":220,"orcz:orcamanita":1,"regions_unexplored:willow_planks":23,"regions_unexplored:maple_log":58,"minecraft:grass_block":816,"gobber2:gobber2_ore_deepslate":116,"gobber2:gobber2_lucky_block":2,"minecraft:composter":3,"minecraft:raw_iron_block":1,"minecraft:glowstone":12,"minecraft:iron_ore":195,"minecraft:anvil":2,"morevillagers:blueprint_table":2,"regions_unexplored:larch_log":6,"minecraft:spruce_slab":15,"alexsmobs:bison_carpet":3,"minecraft:deepslate_redstone_ore":15,"minecraft:blackstone":174,"regions_unexplored:willow_log":44,"minecraft:calcite":1,"minecraft:poppy":1,"minecraft:beacon":2,"minecraft:chest":5,"regions_unexplored:blue_magnolia_leaves":3,"minecraft:mushroom_stem":40,"minecraft:nether_quartz_ore":88,"minecraft:cobblestone":9,"minecraft:dark_oak_slab":106,"minecraft:birch_log":11,"bygonenether:cobbled_blackstone":1,"minecraft:light_gray_wool":1,"minecraft:oak_log":37,"minecraft:sand":5,"minecraft:dirt":118,"minecraft:ancient_debris":11,"minecraft:netherrack":5043,"minecraft:oak_leaves":17,"infernalexp:buried_bone":2,"minecraft:nether_gold_ore":8,"minecraft:tuff":183,"minecraft:quartz_stairs":3,"minecraft:deepslate_diamond_ore":3,"gravestone:gravestone":17,"morevillagers:gardening_table":8,"minecraft:birch_slab":1,"minecraft:spruce_leaves":116,"morevillagers:woodworking_table":4,"regions_unexplored:brimwood_log_magma":5,"minecraft:spore_blossom":1,"minecraft:spruce_sapling":18,"minecraft:furnace":5,"minecraft:raw_gold_block":1,"minecraft:stripped_spruce_log":1,"minecraft:gold_block":2,"minecraft:bookshelf":83,"minecraft:deepslate_iron_ore":98,"regions_unexplored:medium_grass":7,"minecraft:stone":382,"minecraft:scaffolding":1,"regions_unexplored:spruce_branch":1,"regions_unexplored:blackwood_slab":2,"travelersbackpack:standard":1,"minecraft:crafting_table":3,"morevillagers:oceanography_table":6,"minecraft:lectern":271,"minecraft:lapis_ore":4,"regions_unexplored:daisy":2,"minecraft:spruce_stairs":66,"minecraft:birch_planks":3,"bossominium:guardian_sapling":1,"gobber2:gobber2_lucky_block_deepslate":6,"regions_unexplored:red_maple_leaf_pile":2,"minecraft:coal_ore":351,"regions_unexplored:mycotoxic_mushrooms":5,"regions_unexplored:blue_magnolia_shrub":1}},"DataVersion":3120}