{"stats":{"minecraft:broken":{"minecraft:stone_pickaxe":10,"minecraft:golden_chestplate":1,"minecraft:wooden_pickaxe":1,"slashblade:slashblade":12,"minecraft:golden_axe":1,"minecraft:iron_pickaxe":16},"minecraft:used":{"regions_unexplored:silt_dirt":1,"create:scorchia":2,"minecraft:iron_shovel":265,"minecraft:chest":23,"gobber2:gobber2_gooey_bread":12,"minecraft:iron_sword":100,"minecraft:shield":51,"minecraft:rotten_flesh":2,"minecraft:iron_chestplate":1,"minecraft:carrot":1,"minecraft:tuff":9,"minecraft:obsidian":17,"gobber2:gobber2_bow_nether":13,"gobber2:gobber2_hammer":5122,"gobber2:gobber2_tree_axe":2,"minecraft:furnace":13,"minecraft:egg":2,"infernalexp:glowdust_stone":1,"minecraft:potato":8,"bygonenether:cobbled_blackstone":266,"epicfight:skillbook":12,"gobber2:gobber2_pickaxe":1541,"minecraft:oak_planks":19,"minecraft:stone_pickaxe":1501,"minecraft:wooden_pickaxe":72,"minecraft:crossbow":2,"gobber2:gobber2_gooey_bread_nether":8,"minecraft:dripstone_block":17,"waystones:waystone":1,"minecraft:bread":35,"minecraft:deepslate":5,"minecraft:gravel":15,"regions_unexplored:willow_log":2,"minecraft:diamond_sword":462,"minecraft:wooden_sword":5,"minecraft:andesite":3,"minecraft:bone_meal":98,"minecraft:smithing_table":3,"minecraft:experience_bottle":7,"minecraft:oak_trapdoor":1,"minecraft:flint_and_steel":1,"minecraft:armor_stand":1,"minecraft:redstone":1,"minecraft:spruce_planks":2,"minecraft:cooked_chicken":6,"minecraft:netherrack":815,"minecraft:torch":462,"minecraft:anvil":2,"minecraft:dirt":42,"minecraft:diamond_helmet":1,"minecraft:granite":9,"minecraft:iron_hoe":55,"minecraft:iron_axe":294,"slashblade:slashblade":1333,"minecraft:bamboo":16,"gobber2:gobber2_gooey_beef":8,"gobber2:gobber2_sword":663,"minecraft:netherite_pickaxe":382,"minecraft:cooked_beef":67,"minecraft:golden_axe":32,"minecraft:cobbled_deepslate":870,"minecraft:cooked_mutton":18,"minecraft:wheat_seeds":76,"minecraft:water_bucket":45,"minecraft:birch_planks":1,"minecraft:netherite_chestplate":1,"minecraft:baked_potato":19,"gobber2:gobber2_hammer_nether":175,"minecraft:birch_boat":1,"regions_unexplored:brimsprout":2,"minecraft:crafting_table":44,"minecraft:white_bed":2,"minecraft:spruce_log":1,"minecraft:diamond_pickaxe":448,"minecraft:iron_pickaxe":4191,"regions_unexplored:white_magnolia_shrub":5,"gobber2:gobber2_gooey_beefstew_nether":1,"minecraft:cobblestone":169,"travelersbackpack:standard":188,"regions_unexplored:pink_magnolia_shrub":1,"minecraft:cooked_porkchop":74,"minecraft:bucket":47,"minecraft:yellow_bed":2,"gobber2:gobber2_gooey_beef_nether":6},"minecraft:custom":{"minecraft:animals_bred":9,"minecraft:interact_with_crafting_table":193,"goblintraders:trade_with_goblin":190,"minecraft:bell_ring":4,"minecraft:eat_cake_slice":5,"minecraft:leave_game":23,"minecraft:time_since_death":88713,"minecraft:damage_blocked_by_shield":2570,"minecraft:sprint_one_cm":6616075,"minecraft:drop":385,"minecraft:talked_to_villager":59,"minecraft:play_time":1300798,"minecraft:deaths":13,"minecraft:jump":18075,"minecraft:walk_on_water_one_cm":184579,"minecraft:enchant_item":4,"minecraft:interact_with_furnace":115,"minecraft:traded_with_villager":302,"minecraft:sleep_in_bed":36,"minecraft:waystone_activated":2,"minecraft:damage_dealt":76121,"minecraft:crouch_one_cm":147022,"minecraft:horse_one_cm":124519,"minecraft:interact_with_smithing_table":21,"minecraft:interact_with_anvil":19,"minecraft:mob_kills":449,"minecraft:sword_summoned":6,"minecraft:climb_one_cm":4688,"minecraft:walk_one_cm":6622780,"minecraft:damage_dealt_absorbed":60,"minecraft:sneak_time":45192,"minecraft:walk_under_water_one_cm":269990,"minecraft:boat_one_cm":89459,"minecraft:interact_with_blast_furnace":1,"minecraft:total_world_time":1300798,"minecraft:time_since_rest":3672,"minecraft:damage_taken":14824,"minecraft:swim_one_cm":682620,"minecraft:fly_one_cm":6916538,"minecraft:open_chest":547,"minecraft:fall_one_cm":429400},"minecraft:dropped":{"minecraft:daylight_detector":1,"minecraft:soul_sand":20,"minecraft:brown_mushroom":1,"minecraft:lapis_lazuli":28,"minecraft:oak_pressure_plate":2,"minecraft:oak_log":39,"gobber2:gobber2_gooey_beefstew_nether":1,"gobber2:gobber2_sword":1,"minecraft:crossbow":1,"minecraft:leather":1,"minecraft:flint":4,"minecraft:dirt":6,"minecraft:redstone_lamp":4,"gobber2:gobber2_goo_nether":4,"minecraft:dispenser":2,"minecraft:crimson_roots":2,"infernalexp:glownuggets":217,"irons_spellbooks:arcane_essence":1,"gravestone:obituary":9,"minecraft:gold_nugget":22,"minecraft:bone_block":34,"minecraft:sand":2,"gobber2:gobber2_goo":1,"minecraft:gold_ingot":32,"minecraft:bone":40,"infernalexp:soul_salt_clump":3,"minecraft:gravel":292,"minecraft:blackstone":10,"minecraft:cobbled_deepslate":1588,"minecraft:nether_brick":9,"minecraft:obsidian":1,"minecraft:rotten_flesh":91,"minecraft:oak_planks":70,"minecraft:glowstone_dust":2,"gobber2:gobber2_gooey_beefstew":2,"minecraft:nether_brick_fence":9,"regions_unexplored:mycotoxic_grass":3,"minecraft:poppy":2,"minecraft:oak_fence_gate":1,"create:scoria":64,"minecraft:quartz_block":17,"minecraft:iron_bars":8,"minecraft:netherrack":5741,"slashblade:proudsoul_tiny":1,"minecraft:water_bucket":2,"minecraft:bread":7,"minecraft:wheat_seeds":4,"minecraft:dripstone_block":8,"infernalexp:moth_dust":1,"minecraft:diamond_leggings":1,"minecraft:iron_helmet":1,"minecraft:golden_axe":1,"minecraft:oak_fence":4,"minecraft:feather":2,"minecraft:cobblestone":71,"regions_unexplored:tassel":1,"minecraft:granite":20,"regions_unexplored:day_lily":1,"minecraft:stick":7,"minecraft:diorite":24,"minecraft:repeater":8,"minecraft:nether_wart_block":4,"minecraft:diamond_helmet":1,"minecraft:fire_charge":1,"minecraft:potion":2,"minecraft:iron_leggings":1,"minecraft:string":7,"minecraft:tripwire_hook":2,"minecraft:bucket":1,"minecraft:redstone":54,"slashblade:proudsoul":2,"minecraft:deepslate":81,"minecraft:sticky_piston":4,"minecraft:tuff":120,"infernalexp:glowdust_stone":11,"gobber2:gobber2_gooey_beef":1,"minecraft:iron_boots":1,"minecraft:name_tag":1,"minecraft:nether_bricks":35,"gobber2:gobber2_tree_axe":1,"create:veridium":1,"minecraft:oak_button":2,"minecraft:iron_chestplate":1,"minecraft:andesite":6,"slashblade:slashblade":1,"minecraft:light_blue_carpet":1,"minecraft:oak_sapling":1,"infernalexp:crimson_fungus_cap":1,"minecraft:redstone_torch":8,"minecraft:stone_pressure_plate":2,"minecraft:spider_eye":3,"minecraft:diamond_boots":1,"minecraft:stone_pickaxe":4,"minecraft:wooden_pickaxe":2,"minecraft:magma_block":7,"regions_unexplored:silt_dirt":6,"epicfight:skillbook":6},"minecraft:killed_by":{"minecraft:zombified_piglin":1,"minecraft:creeper":1,"minecraft:zombie":3,"minecraft:player":1,"irons_spellbooks:necromancer":1,"minecraft:skeleton":2},"minecraft:picked_up":{"minecraft:wheat":38,"minecraft:anvil":1,"minecraft:nether_brick_fence":14,"minecraft:iron_trapdoor":2,"minecraft:flower_pot":3,"irons_spellbooks:affinity_ring":1,"minecraft:smithing_table":1,"regions_unexplored:silt_dirt":7,"regions_unexplored:brimsprout":14,"regions_unexplored:glistering_sprout":1,"minecraft:potion":2,"minecraft:nether_brick":9,"minecraft:stray_spawn_egg":1,"minecraft:amethyst_block":8,"minecraft:string":122,"minecraft:soul_soil":5,"create:limestone":26,"minecraft:iron_leggings":1,"minecraft:armor_stand":1,"minecraft:sticky_piston":4,"gobber2:gobber2_glass_nether":7,"minecraft:experience_bottle":1,"regions_unexplored:brimsprout_nylium":9,"minecraft:beetroot":2,"irons_spellbooks:arcane_essence":1,"alexsmobs:blood_sac":5,"minecraft:gold_nugget":586,"minecraft:cobbled_deepslate":8402,"minecraft:redstone_torch":8,"infernalexp:crimson_fungus_cap":1,"minecraft:calcite":1,"infernalexp:soul_salt_clump":5,"minecraft:iron_boots":2,"minecraft:furnace":8,"minecraft:stick":16,"minecraft:music_disc_blocks":1,"minecraft:oak_fence":4,"minecraft:torch":32,"epicfight:skillbook":9,"minecraft:porkchop":109,"minecraft:golden_axe":1,"regions_unexplored:pink_magnolia_shrub":1,"minecraft:shulker_spawn_egg":1,"minecraft:diorite":51,"infernalexp:raw_hogchop":13,"minecraft:quartz_block":21,"gobber2:gobber2_foo":3,"minecraft:phantom_spawn_egg":1,"minecraft:nether_gold_ore":6,"minecraft:stone_sword":1,"slashblade:proudsoul":14,"minecraft:rotten_flesh":165,"create:scoria":64,"create:veridium":1,"minecraft:blaze_rod":10,"minecraft:obsidian":34,"minecraft:iron_bars":13,"minecraft:cobblestone":940,"minecraft:birch_log":4,"minecraft:magma_block":7,"minecraft:feather":6,"minecraft:cooked_beef":32,"minecraft:repeater":8,"minecraft:water_bucket":2,"minecraft:andesite":11,"regions_unexplored:white_magnolia_shrub":5,"minecraft:brown_wool":3,"minecraft:potato":65,"alexsmobs:bison_fur":4,"minecraft:flint":34,"minecraft:tuff":678,"create:raw_zinc":37,"minecraft:lapis_lazuli":152,"gobber2:gobber2_gooey_bread_nether":8,"minecraft:wither_skeleton_skull":1,"infernalexp:luminous_fungus":1,"minecraft:glow_squid_spawn_egg":1,"minecraft:dirt":195,"infernalexp:glowdust_stone":12,"minecraft:leather_boots":1,"minecraft:bone":94,"minecraft:bow":1,"gobber2:gobber2_gooey_beef":9,"minecraft:wheat_seeds":122,"minecraft:raw_gold":75,"gobber2:gobber2_globette":225,"minecraft:bamboo":35,"minecraft:glowstone_dust":99,"minecraft:oak_planks":15,"gobber2:gobber2_gooey_bread":12,"regions_unexplored:orange_coneflower":2,"gobber2:gobber2_rod_nether":9,"minecraft:cooked_porkchop":4,"minecraft:oak_pressure_plate":2,"minecraft:sand":81,"minecraft:ink_sac":3,"minecraft:spectral_arrow":35,"minecraft:mossy_cobblestone":9,"regions_unexplored:brimwood_sapling":1,"regions_unexplored:glister_bulb":1,"minecraft:skeleton_spawn_egg":1,"minecraft:evoker_spawn_egg":1,"minecraft:dispenser":2,"minecraft:sugar":1,"minecraft:deepslate":274,"minecraft:diamond":111,"minecraft:lever":2,"waystones:waystone":1,"minecraft:crossbow":2,"minecraft:granite":37,"minecraft:spruce_sign":1,"minecraft:bread":7,"regions_unexplored:willow_log":7,"infernalexp:moth_dust":1,"alexsmobs:maggot":3,"minecraft:oak_sapling":6,"gobber2:gobber2_sword":1,"minecraft:netherrack":10185,"gobber2:gobber2_goo":7,"minecraft:crimson_roots":2,"minecraft:coarse_dirt":1,"minecraft:crafting_table":38,"regions_unexplored:mycotoxic_grass":3,"minecraft:splash_potion":1,"minecraft:chicken":6,"minecraft:nether_wart":48,"minecraft:redstone_lamp":4,"minecraft:brown_mushroom":1,"minecraft:gold_block":2,"gravestone:obituary":4,"minecraft:shield":1,"minecraft:heavy_weighted_pressure_plate":1,"regions_unexplored:maple_leaves":7,"minecraft:cornflower":1,"alexsmobs:pigshoes":1,"minecraft:quartz_slab":5,"create:scorchia":2,"minecraft:blackstone":25,"minecraft:deepslate_diamond_ore":5,"minecraft:beef":54,"minecraft:quartz_stairs":8,"infernalexp:glownuggets":218,"minecraft:iron_nugget":37,"minecraft:poppy":3,"minecraft:light_gray_wool":1,"minecraft:sugar_cane":6,"minecraft:chest":2,"minecraft:birch_sapling":1,"minecraft:piston":4,"minecraft:egg":7,"minecraft:raw_iron":179,"regions_unexplored:day_lily":1,"regions_unexplored:silver_birch_leaf_pile":8,"minecraft:oak_door":1,"bygonenether:cobbled_blackstone":924,"minecraft:fire_charge":3,"minecraft:polished_blackstone_bricks":27,"minecraft:cake":1,"minecraft:frog_spawn_egg":1,"minecraft:carrot":1,"minecraft:redstone":245,"minecraft:stone_pressure_plate":2,"minecraft:tnt":6,"gobber2:gobber2_globette_nether":269,"minecraft:arrow":58,"minecraft:beetroot_seeds":5,"gobber2:gobber2_gooey_beef_nether":12,"minecraft:nether_bricks":45,"minecraft:hay_block":10,"minecraft:pink_tulip":1,"minecraft:saddle":1,"minecraft:gold_ingot":5,"minecraft:mutton":9,"minecraft:white_wool":9,"minecraft:bone_block":149,"minecraft:rail":6,"minecraft:oxeye_daisy":1,"regions_unexplored:dorcel":1,"minecraft:tripwire_hook":2,"minecraft:leather":30,"gobber2:gobber2_gooey_beefstew":4,"minecraft:red_mushroom":8,"minecraft:birch_planks":1,"minecraft:oak_log":177,"minecraft:ancient_debris":21,"minecraft:nether_wart_block":4,"minecraft:yellow_bed":3,"minecraft:gunpowder":10,"regions_unexplored:tassel":1,"alexsmobs:mosquito_proboscis":1,"minecraft:apple":6,"minecraft:acacia_trapdoor":1,"minecraft:iron_ingot":16,"minecraft:oak_fence_gate":1,"gobber2:gobber2_gooey_beefstew_nether":2,"regions_unexplored:brimwood_log":3,"minecraft:soul_sand":46,"minecraft:book":6,"slashblade:proudsoul_tiny":1,"minecraft:nether_quartz_ore":19,"minecraft:daylight_detector":1,"minecraft:red_wool":1,"minecraft:quartz":283,"minecraft:dandelion":4,"minecraft:raw_iron_block":1,"minecraft:dripstone_block":25,"minecraft:gravel":380,"minecraft:amethyst_shard":18,"minecraft:spruce_sapling":2,"minecraft:spruce_log":7,"minecraft:white_bed":1,"minecraft:crying_obsidian":4,"minecraft:spider_eye":6,"travelersbackpack:standard":26,"minecraft:light_blue_carpet":1,"regions_unexplored:silver_birch_log":139,"minecraft:painting":4,"regions_unexplored:maple_log":32,"minecraft:oak_button":2,"minecraft:baked_potato":33,"minecraft:coal":454,"gobber2:gobber2_goo_nether":15,"minecraft:ender_pearl":1},"minecraft:killed":{"minecraft:cave_spider":3,"minecraft:witch":1,"minecraft:spider":20,"alexsmobs:murmur":1,"infernalexp:embody":2,"minecraft:skeleton":62,"minecraft:chicken":6,"alexsmobs:centipede_head":1,"irons_spellbooks:summoned_skeleton":3,"minecraft:piglin_brute":5,"minecraft:piglin":7,"minecraft:pig":45,"minecraft:zombie_villager":2,"minecraft:iron_golem":2,"irons_spellbooks:necromancer":1,"minecraft:creeper":11,"alexsmobs:crimson_mosquito":9,"minecraft:sheep":6,"minecraft:zombie":176,"alexsmobs:fly":2,"infernalexp:shroomloin":4,"minecraft:blaze":23,"minecraft:cow":20,"irons_spellbooks:summoned_zombie":7,"minecraft:horse":1,"alexsmobs:bison":3,"infernalexp:glowsilk_moth":1,"minecraft:hoglin":7,"minecraft:squid":1,"infernalexp:voline":7,"minecraft:wither_skeleton":5,"minecraft:enderman":1},"minecraft:mined":{"minecraft:large_amethyst_bud":5,"create:deepslate_zinc_ore":2,"minecraft:potted_pink_tulip":1,"minecraft:white_bed":2,"regions_unexplored:brimsprout":11,"regions_unexplored:maple_log":33,"infernalexp:soul_stone":5,"minecraft:obsidian":19,"regions_unexplored:brimwood_leaves":6,"regions_unexplored:pink_magnolia_shrub":1,"minecraft:light_blue_carpet":1,"minecraft:granite":26,"minecraft:budding_amethyst":2,"minecraft:grass_block":48,"gobber2:gobber2_ore_deepslate":210,"gobber2:gobber2_lucky_block":16,"minecraft:soul_soil":13,"minecraft:nether_wart":40,"minecraft:spawner":3,"minecraft:raw_iron_block":1,"minecraft:weeping_vines_plant":2,"minecraft:polished_blackstone_bricks":10,"gobber2:gobber2_ore":3,"minecraft:magma_block":6,"regions_unexplored:stone_bud":2,"minecraft:glowstone":32,"minecraft:iron_ore":88,"minecraft:fire":16,"minecraft:cobbled_deepslate":79,"regions_unexplored:mossy_stone":4,"gobber2:gobber2_ore_nether":153,"minecraft:moss_carpet":1,"minecraft:anvil":1,"minecraft:deepslate_lapis_ore":14,"minecraft:dirt_path":1,"minecraft:iron_bars":6,"minecraft:small_amethyst_bud":2,"regions_unexplored:dorcel":1,"regions_unexplored:silt_grass_block":3,"create:veridium":1,"create:limestone":26,"minecraft:deepslate_redstone_ore":9,"minecraft:brown_mushroom":1,"minecraft:soul_fire":13,"regions_unexplored:willow_log":7,"minecraft:blackstone":544,"minecraft:medium_amethyst_bud":4,"minecraft:crimson_nylium":2,"minecraft:amethyst_cluster":6,"minecraft:torch":12,"minecraft:calcite":1,"minecraft:chest":2,"gobber2:gobber2_lucky_block_nether":43,"create:scoria":6,"minecraft:mushroom_stem":25,"minecraft:nether_quartz_ore":59,"minecraft:cobblestone":21,"minecraft:oak_planks":12,"minecraft:sugar_cane":3,"minecraft:wall_torch":9,"minecraft:amethyst_block":8,"regions_unexplored:glister_bulb":1,"minecraft:nether_wart_block":4,"minecraft:birch_log":4,"minecraft:wheat":41,"bygonenether:cobbled_blackstone":22,"minecraft:grass":90,"minecraft:oak_log":138,"minecraft:dirt":61,"minecraft:sand":82,"minecraft:deepslate":2669,"regions_unexplored:cobalt_nylium":1,"regions_unexplored:glistering_ivy":2,"minecraft:red_mushroom_block":2,"minecraft:ancient_debris":14,"infernalexp:glowdust_stone":12,"minecraft:netherrack":6769,"minecraft:oak_leaves":26,"regions_unexplored:mycotoxic_grass":4,"regions_unexplored:glistering_sprout":1,"minecraft:nether_gold_ore":41,"minecraft:diamond_ore":5,"minecraft:tuff":248,"minecraft:deepslate_diamond_ore":81,"minecraft:nether_bricks":21,"gravestone:gravestone":12,"regions_unexplored:glistering_fern":2,"minecraft:crimson_roots":6,"minecraft:redstone_wire":1,"regions_unexplored:maple_leaves":9,"minecraft:spruce_leaves":14,"minecraft:potted_bamboo":2,"minecraft:hay_block":10,"infernalexp:dimstone":5,"minecraft:furnace":8,"minecraft:acacia_trapdoor":1,"minecraft:andesite":10,"create:scorchia":2,"regions_unexplored:white_magnolia_shrub":4,"minecraft:gold_block":2,"minecraft:nether_brick_fence":3,"minecraft:bookshelf":2,"minecraft:deepslate_iron_ore":74,"minecraft:rail":3,"minecraft:bamboo_sapling":2,"regions_unexplored:medium_grass":12,"lucky:lucky_block":9,"minecraft:bamboo":2,"minecraft:stone":921,"regions_unexplored:day_lily":1,"minecraft:bone_block":155,"regions_unexplored:orange_coneflower":2,"regions_unexplored:brimsprout_nylium":5,"minecraft:podzol":37,"minecraft:smithing_table":1,"infernalexp:glow_fire":4,"minecraft:soul_sand":32,"regions_unexplored:brimwood_log":2,"regions_unexplored:silver_birch_leaf_pile":5,"minecraft:oak_fence":2,"travelersbackpack:standard":23,"minecraft:crafting_table":38,"regions_unexplored:silt_dirt":6,"minecraft:tall_grass":33,"minecraft:lapis_ore":2,"minecraft:deepslate_gold_ore":63,"minecraft:diorite":50,"minecraft:birch_planks":1,"minecraft:coarse_dirt":1,"minecraft:spruce_log":7,"minecraft:birch_leaves":2,"gobber2:gobber2_lucky_block_deepslate":16,"minecraft:yellow_bed":3,"minecraft:coal_ore":309,"infernalexp:dullstone":187,"regions_unexplored:silver_birch_log":140,"minecraft:gravel":413,"minecraft:dripstone_block":14,"minecraft:cobweb":102,"infernalexp:luminous_fungus":2,"minecraft:gold_ore":2,"regions_unexplored:tassel":1},"minecraft:crafted":{"minecraft:black_dye":5,"minecraft:oak_planks":432,"travelersbackpack:crafting_upgrade":1,"minecraft:cooked_chicken":6,"regions_unexplored:maple_planks":28,"gobber2:gobber2_leggings":1,"minecraft:blaze_powder":2,"minecraft:birch_boat":1,"gobber2:gobber2_chestplate":1,"minecraft:cooked_mutton":18,"minecraft:quartz_block":17,"minecraft:glass":72,"minecraft:diamond_helmet":1,"minecraft:diamond_leggings":1,"minecraft:iron_boots":1,"regions_unexplored:brimwood_planks":4,"minecraft:chest":39,"gobber2:gobber2_pickaxe":1,"minecraft:arrow":20,"minecraft:emerald":360,"gobber2:gobber2_ingot":72,"gobber2:gobber2_ingot_nether":21,"minecraft:cooked_porkchop":70,"gobber2:gobber2_glob_nether":20,"minecraft:crafting_table":7,"minecraft:spruce_planks":4152,"slashblade:slashblade":14,"travelersbackpack:standard":6,"gobber2:gobber2_hammer":2,"minecraft:baked_potato":56,"minecraft:wooden_pickaxe":3,"minecraft:iron_helmet":1,"minecraft:smithing_table":3,"gobber2:gobber2_bow_nether":1,"gobber2:gobber2_rod":10,"minecraft:birch_planks":60,"slashblade:proudsoul_ingot":4,"gobber2:gobber2_block":1,"minecraft:iron_chestplate":1,"minecraft:paper":3,"minecraft:charcoal":64,"minecraft:diamond_pickaxe":2,"minecraft:shield":1,"minecraft:stick":8664,"minecraft:iron_ingot":287,"gobber2:gobber2_hammer_nether":1,"minecraft:iron_pickaxe":17,"minecraft:iron_block":14,"minecraft:gold_ingot":135,"minecraft:netherite_ingot":2,"minecraft:sponge":1,"slashblade:proudsoul":7,"minecraft:shears":1,"minecraft:wooden_sword":14,"slashblade:proudsoul_sphere":2,"minecraft:raw_iron":9,"minecraft:coal":1,"minecraft:golden_chestplate":1,"minecraft:iron_nugget":18,"slashblade:proudsoul_crystal":1,"minecraft:experience_bottle":6,"minecraft:furnace":5,"gobber2:gobber2_tree_axe":1,"minecraft:bone_meal":99,"travelersbackpack:blank_upgrade":4,"travelersbackpack:gold_tier_upgrade":3,"minecraft:oak_trapdoor":2,"minecraft:flint_and_steel":1,"gobber2:gobber2_helmet":1,"gobber2:gobber2_glob":24,"minecraft:netherite_chestplate":1,"travelersbackpack:white_sleeping_bag":3,"minecraft:iron_axe":2,"minecraft:iron_hoe":1,"gobber2:gobber2_rod_nether":2,"gobber2:gobber2_boots":1,"minecraft:stone_pickaxe":14,"minecraft:diamond_boots":1,"minecraft:netherite_scrap":22,"minecraft:wheat":90,"minecraft:cooked_beef":42,"minecraft:coal_block":1,"gobber2:gobber2_sword":1,"minecraft:netherite_pickaxe":1,"minecraft:diamond_sword":1,"travelersbackpack:backpack_tank":12,"travelersbackpack:brown_sleeping_bag":1,"minecraft:iron_sword":1,"minecraft:bucket":2,"minecraft:glowstone":10,"minecraft:enchanted_book":6,"minecraft:air":0,"minecraft:bread":21,"minecraft:white_wool":6,"minecraft:flint":22,"minecraft:iron_shovel":2,"minecraft:iron_leggings":1,"minecraft:anvil":1,"minecraft:white_bed":1,"minecraft:torch":512,"minecraft:lapis_block":1,"minecraft:diamond_chestplate":1,"slashblade:proudsoul_tiny":48}},"DataVersion":3120}